id,conseillere_id,commercial_id,date_debut,date_fin,type_saisie,rdv,visites,ventes,created_at
7347a13d-3ea9-4f97-b15b-bd0d62e526bf,05846018-a68b-4415-a429-3afafdb2b6b8,0bd18562-61aa-43cc-8484-3310a0822b5e,2026-01-01,2026-01-31,periode,1,0,0,2026-05-02 19:32:42.684956+00
a666b643-9446-47ee-a584-8af4e43424ad,05846018-a68b-4415-a429-3afafdb2b6b8,0d087b99-4dd1-4cb0-aea9-568efd0e7374,2026-01-01,2026-01-31,periode,0,0,1.0,2026-05-02 19:32:42.684956+00
c51130e7-dbd7-4d34-9ddd-5f227a4d9eb4,05846018-a68b-4415-a429-3afafdb2b6b8,21ee3aa6-277a-43f1-b80c-4d035170fa25,2026-01-01,2026-01-31,periode,1,2.0,0,2026-05-02 19:32:42.684956+00
d8ddb520-e27a-429c-874a-b8b238105436,05846018-a68b-4415-a429-3afafdb2b6b8,2967fdd5-ab82-433d-a6c4-1b8113e67a09,2026-01-01,2026-01-31,periode,1,1.0,0,2026-05-02 19:32:42.684956+00
3be0db44-4517-4ff0-8c7b-11e87794880e,05846018-a68b-4415-a429-3afafdb2b6b8,3dd1b7e2-0cba-420f-b95f-11315affd3df,2026-01-01,2026-01-31,periode,1,2.0,2.0,2026-05-02 19:32:42.684956+00
73d07116-f1ff-4a93-85e8-467260043795,05846018-a68b-4415-a429-3afafdb2b6b8,4739e15d-80c0-41f6-a1c2-78044861b72a,2026-01-01,2026-01-31,periode,2,2.0,3.0,2026-05-02 19:32:42.684956+00
cdb3d40f-5ffd-4696-898a-13d8cd015eba,05846018-a68b-4415-a429-3afafdb2b6b8,7707c6cc-b462-4548-8c1d-23bd4539bb11,2026-01-01,2026-01-31,periode,0,1.0,0,2026-05-02 19:32:42.684956+00
f16a0369-fc44-4681-884b-282391ebebee,05846018-a68b-4415-a429-3afafdb2b6b8,8388621a-ed33-4c67-83dc-dbcea84b0f5e,2026-01-01,2026-01-31,periode,3,2.0,0,2026-05-02 19:32:42.684956+00
64b4fd88-bc53-4dc4-8063-1038a83beb97,05846018-a68b-4415-a429-3afafdb2b6b8,a5682552-3c7e-42b2-bb03-d4d123da52ef,2026-01-01,2026-01-31,periode,2,2.0,0,2026-05-02 19:32:42.684956+00
0b582101-af2c-4a24-a8c7-cab94a45d8ce,05846018-a68b-4415-a429-3afafdb2b6b8,ab85b38e-5fb2-44f0-ade9-d2e0019be123,2026-01-01,2026-01-31,periode,8,7.0,0,2026-05-02 19:32:42.684956+00
1550ede1-c96d-4119-bbc1-087d4f62ca80,05846018-a68b-4415-a429-3afafdb2b6b8,b8b8bfd7-3826-4066-8698-0c86fd8d5807,2026-01-01,2026-01-31,periode,2,0,0,2026-05-02 19:32:42.684956+00
31d65d18-6b21-4a30-811a-b7ed116aaa75,05846018-a68b-4415-a429-3afafdb2b6b8,c525bc73-3c4c-411e-9949-803416e7d270,2026-01-01,2026-01-31,periode,4,0.5,0,2026-05-02 19:32:42.684956+00
fb19eaa9-8c27-47ba-8c85-bce3a5351a24,05846018-a68b-4415-a429-3afafdb2b6b8,d737c6ed-658a-4a1f-b724-043895197726,2026-01-01,2026-01-31,periode,0,1.0,1.0,2026-05-02 19:32:42.684956+00
17bc44bb-6ba6-46bd-aef2-d97eb0749387,05846018-a68b-4415-a429-3afafdb2b6b8,d977d9a5-48fd-415e-b31d-02f6bea0be79,2026-01-01,2026-01-31,periode,1,1.0,0,2026-05-02 19:32:42.684956+00
ca642382-93bb-48e5-93b4-e7ae1e9685f1,05846018-a68b-4415-a429-3afafdb2b6b8,e1ea46ac-2422-4bd4-a2ac-58a47096b187,2026-01-01,2026-01-31,periode,1,2.0,0,2026-05-02 19:32:42.684956+00
318b53be-dfe4-4a74-8089-bed52cba4460,1b7086c6-922a-42b2-95e8-f10cac431ba6,0bd18562-61aa-43cc-8484-3310a0822b5e,2026-01-01,2026-01-31,periode,5,0,0,2026-05-02 19:32:42.684956+00
a2ffa320-43ca-4669-a2bc-6e55a36c1419,1b7086c6-922a-42b2-95e8-f10cac431ba6,21ee3aa6-277a-43f1-b80c-4d035170fa25,2026-01-01,2026-01-31,periode,1,1.0,0,2026-05-02 19:32:42.684956+00
19073b0b-a7a7-46d9-aa56-a07f0c736488,1b7086c6-922a-42b2-95e8-f10cac431ba6,2967fdd5-ab82-433d-a6c4-1b8113e67a09,2026-01-01,2026-01-31,periode,3,1.0,0,2026-05-02 19:32:42.684956+00
789541d4-32eb-4add-b30f-820c67bb1b05,1b7086c6-922a-42b2-95e8-f10cac431ba6,3dd1b7e2-0cba-420f-b95f-11315affd3df,2026-01-01,2026-01-31,periode,2,0,1.0,2026-05-02 19:32:42.684956+00
e9413f8f-b630-4840-b64b-486b6f07a847,1b7086c6-922a-42b2-95e8-f10cac431ba6,4739e15d-80c0-41f6-a1c2-78044861b72a,2026-01-01,2026-01-31,periode,40,18.0,0.5,2026-05-02 19:32:42.684956+00
340f97f3-740a-4229-aa14-d86e0f3f8bfb,1b7086c6-922a-42b2-95e8-f10cac431ba6,743fb064-83e3-46cd-8429-f51a2f31642b,2026-01-01,2026-01-31,periode,6,4.0,2.0,2026-05-02 19:32:42.684956+00
f63f8850-b014-453a-b148-cbf9f9dac5b7,1b7086c6-922a-42b2-95e8-f10cac431ba6,8388621a-ed33-4c67-83dc-dbcea84b0f5e,2026-01-01,2026-01-31,periode,1,1.0,0,2026-05-02 19:32:42.684956+00
e2f0fe4d-53c9-4000-94ea-0057a9bd4c98,1b7086c6-922a-42b2-95e8-f10cac431ba6,9745e1c7-0b49-4779-9301-7e8449f0e7d7,2026-01-01,2026-01-31,periode,2,3.0,0,2026-05-02 19:32:42.684956+00
93d5f1f8-7a3d-4988-96c7-cdee978b0b07,1b7086c6-922a-42b2-95e8-f10cac431ba6,a5682552-3c7e-42b2-bb03-d4d123da52ef,2026-01-01,2026-01-31,periode,3,0,0,2026-05-02 19:32:42.684956+00
5c9d9105-02a4-42d2-87d7-89119bccef6d,1b7086c6-922a-42b2-95e8-f10cac431ba6,ab85b38e-5fb2-44f0-ade9-d2e0019be123,2026-01-01,2026-01-31,periode,39,12.0,2.0,2026-05-02 19:32:42.684956+00
35fc3a37-2672-480e-929a-04b1a6c6c7e5,1b7086c6-922a-42b2-95e8-f10cac431ba6,b8b8bfd7-3826-4066-8698-0c86fd8d5807,2026-01-01,2026-01-31,periode,3,1.0,0,2026-05-02 19:32:42.684956+00
f223dc84-a67d-4c32-9aeb-c34b3b3074b6,1b7086c6-922a-42b2-95e8-f10cac431ba6,c525bc73-3c4c-411e-9949-803416e7d270,2026-01-01,2026-01-31,periode,16,7.0,0,2026-05-02 19:32:42.684956+00
57f48494-101d-47d5-a521-845664d99d8d,1b7086c6-922a-42b2-95e8-f10cac431ba6,d737c6ed-658a-4a1f-b724-043895197726,2026-01-01,2026-01-31,periode,3,0,0,2026-05-02 19:32:42.684956+00
38700b01-b73d-45c4-b38a-43c2afa3ad61,1b7086c6-922a-42b2-95e8-f10cac431ba6,d977d9a5-48fd-415e-b31d-02f6bea0be79,2026-01-01,2026-01-31,periode,2,0,0,2026-05-02 19:32:42.684956+00
99fc32b1-94ed-4e0e-94fd-a6feb78378d6,1b7086c6-922a-42b2-95e8-f10cac431ba6,e1ea46ac-2422-4bd4-a2ac-58a47096b187,2026-01-01,2026-01-31,periode,4,1.0,0,2026-05-02 19:32:42.684956+00
1cf92124-ac2c-471e-a84f-e91fb346c24c,1b7086c6-922a-42b2-95e8-f10cac431ba6,e3f97cb9-fc81-410f-a1a4-0d486638326e,2026-01-01,2026-01-31,periode,0,1.0,0,2026-05-02 19:32:42.684956+00
7211dbb0-3783-4f34-83d6-858ce9f6a5c3,1b7086c6-922a-42b2-95e8-f10cac431ba6,null,2026-01-01,2026-01-31,periode,0,2.0,0,2026-05-02 19:32:42.684956+00
3a9f5e76-47f4-415a-b6f8-c919ec2d7e29,6adfe150-0752-4f5e-90ea-28d25d769b49,0bd18562-61aa-43cc-8484-3310a0822b5e,2026-01-01,2026-01-31,periode,5,1.0,0,2026-05-02 19:32:42.684956+00
8f90f088-c1ef-462c-8ef1-421631c37b82,6adfe150-0752-4f5e-90ea-28d25d769b49,21ee3aa6-277a-43f1-b80c-4d035170fa25,2026-01-01,2026-01-31,periode,4,2.0,1.0,2026-05-02 19:32:42.684956+00
016f4985-3b25-40a6-b12e-5ce9baa68ee7,6adfe150-0752-4f5e-90ea-28d25d769b49,2967fdd5-ab82-433d-a6c4-1b8113e67a09,2026-01-01,2026-01-31,periode,2,1.0,0,2026-05-02 19:32:42.684956+00
3703b274-ce41-4556-a423-200230d44a0c,6adfe150-0752-4f5e-90ea-28d25d769b49,4739e15d-80c0-41f6-a1c2-78044861b72a,2026-01-01,2026-01-31,periode,10,1.0,0,2026-05-02 19:32:42.684956+00
6c0fa374-0db0-4e94-bc44-8295d505bc0b,6adfe150-0752-4f5e-90ea-28d25d769b49,743fb064-83e3-46cd-8429-f51a2f31642b,2026-01-01,2026-01-31,periode,2,0,0,2026-05-02 19:32:42.684956+00
a4264fe6-6ba5-4e93-afaf-6bce7606b149,6adfe150-0752-4f5e-90ea-28d25d769b49,7707c6cc-b462-4548-8c1d-23bd4539bb11,2026-01-01,2026-01-31,periode,4,2.0,0,2026-05-02 19:32:42.684956+00
f02023fe-68ed-49e9-841b-2de4906b947f,6adfe150-0752-4f5e-90ea-28d25d769b49,8388621a-ed33-4c67-83dc-dbcea84b0f5e,2026-01-01,2026-01-31,periode,3,0,0,2026-05-02 19:32:42.684956+00
39641ff8-ed0a-4257-b4df-0aaa7ea050b6,6adfe150-0752-4f5e-90ea-28d25d769b49,9745e1c7-0b49-4779-9301-7e8449f0e7d7,2026-01-01,2026-01-31,periode,7,1.0,0,2026-05-02 19:32:42.684956+00
429931d0-4a07-4daa-99c6-93eac01c977f,6adfe150-0752-4f5e-90ea-28d25d769b49,a5682552-3c7e-42b2-bb03-d4d123da52ef,2026-01-01,2026-01-31,periode,3,3.0,0,2026-05-02 19:32:42.684956+00
745eb7c3-8103-4ed8-9618-32e1bc4a522f,6adfe150-0752-4f5e-90ea-28d25d769b49,ab85b38e-5fb2-44f0-ade9-d2e0019be123,2026-01-01,2026-01-31,periode,20,3.0,0,2026-05-02 19:32:42.684956+00
63e1ef81-1dae-431d-a1e1-ceac3d958dd1,6adfe150-0752-4f5e-90ea-28d25d769b49,b8b8bfd7-3826-4066-8698-0c86fd8d5807,2026-01-01,2026-01-31,periode,11,2.0,0,2026-05-02 19:32:42.684956+00
d76abb34-8d2e-4eb0-9702-cba20baf9c9c,6adfe150-0752-4f5e-90ea-28d25d769b49,c525bc73-3c4c-411e-9949-803416e7d270,2026-01-01,2026-01-31,periode,17,7.0,0,2026-05-02 19:32:42.684956+00
bade69e6-6ea7-4ef4-9efe-bd7cbe231fd4,6adfe150-0752-4f5e-90ea-28d25d769b49,d977d9a5-48fd-415e-b31d-02f6bea0be79,2026-01-01,2026-01-31,periode,6,0,0,2026-05-02 19:32:42.684956+00
a5a9019c-380d-4ea4-950f-738f4a9ad4e4,6adfe150-0752-4f5e-90ea-28d25d769b49,e1ea46ac-2422-4bd4-a2ac-58a47096b187,2026-01-01,2026-01-31,periode,1,0,0,2026-05-02 19:32:42.684956+00
8cb08003-d3f6-4d93-b887-cb152f8077c1,6adfe150-0752-4f5e-90ea-28d25d769b49,e3f97cb9-fc81-410f-a1a4-0d486638326e,2026-01-01,2026-01-31,periode,0,1.0,0,2026-05-02 19:32:42.684956+00
7519eaac-d16f-486b-b9d7-d759b921fec6,cfb8af80-d40b-46dc-9519-78ba7567cda8,2967fdd5-ab82-433d-a6c4-1b8113e67a09,2026-01-01,2026-01-31,periode,1,3.0,0,2026-05-02 19:32:42.684956+00
22f9ee84-9145-482b-83a1-edd0072c1224,cfb8af80-d40b-46dc-9519-78ba7567cda8,3dd1b7e2-0cba-420f-b95f-11315affd3df,2026-01-01,2026-01-31,periode,0,2.0,1.0,2026-05-02 19:32:42.684956+00
df3af7dc-8e6c-4da4-b85a-d92324b30029,cfb8af80-d40b-46dc-9519-78ba7567cda8,4739e15d-80c0-41f6-a1c2-78044861b72a,2026-01-01,2026-01-31,periode,22,3.0,2.5,2026-05-02 19:32:42.684956+00
1d27212a-05fb-489b-bc4d-3f1f27ab9a74,cfb8af80-d40b-46dc-9519-78ba7567cda8,7707c6cc-b462-4548-8c1d-23bd4539bb11,2026-01-01,2026-01-31,periode,2,1.0,0,2026-05-02 19:32:42.684956+00
315e46b8-b9b8-44d5-8c1e-6ca923a794cc,cfb8af80-d40b-46dc-9519-78ba7567cda8,8388621a-ed33-4c67-83dc-dbcea84b0f5e,2026-01-01,2026-01-31,periode,8,2.0,0,2026-05-02 19:32:42.684956+00
482aecba-9c92-4702-b58e-da0efeaf0a85,cfb8af80-d40b-46dc-9519-78ba7567cda8,9745e1c7-0b49-4779-9301-7e8449f0e7d7,2026-01-01,2026-01-31,periode,1,0,0,2026-05-02 19:32:42.684956+00
6dd40280-9380-4e0f-8061-a88abafcd11f,cfb8af80-d40b-46dc-9519-78ba7567cda8,a5682552-3c7e-42b2-bb03-d4d123da52ef,2026-01-01,2026-01-31,periode,0,3.0,0,2026-05-02 19:32:42.684956+00
42f173de-1c58-423f-9a42-6385bb686036,cfb8af80-d40b-46dc-9519-78ba7567cda8,b8b8bfd7-3826-4066-8698-0c86fd8d5807,2026-01-01,2026-01-31,periode,10,3.0,0,2026-05-02 19:32:42.684956+00
7a843be1-8498-4809-89dc-3d08583b8add,cfb8af80-d40b-46dc-9519-78ba7567cda8,c525bc73-3c4c-411e-9949-803416e7d270,2026-01-01,2026-01-31,periode,15,5.0,0,2026-05-02 19:32:42.684956+00
8698c205-a075-4948-8afb-efa529c5ce15,cfb8af80-d40b-46dc-9519-78ba7567cda8,d977d9a5-48fd-415e-b31d-02f6bea0be79,2026-01-01,2026-01-31,periode,2,3.0,0,2026-05-02 19:32:42.684956+00
505a1601-103f-445e-a31c-354d487dbde9,cfb8af80-d40b-46dc-9519-78ba7567cda8,e1ea46ac-2422-4bd4-a2ac-58a47096b187,2026-01-01,2026-01-31,periode,4,2.0,1.0,2026-05-02 19:32:42.684956+00
4f7fd1ab-8d6d-4ab5-9286-369e528f8b3f,dc5100ac-b5ad-4705-b3e6-45fb04d1ff64,0d087b99-4dd1-4cb0-aea9-568efd0e7374,2026-01-01,2026-01-31,periode,1,1.0,0,2026-05-02 19:32:42.684956+00
be6cd95d-3e00-4d2d-b5fc-9f56ce6fa557,dc5100ac-b5ad-4705-b3e6-45fb04d1ff64,21ee3aa6-277a-43f1-b80c-4d035170fa25,2026-01-01,2026-01-31,periode,2,4.0,0,2026-05-02 19:32:42.684956+00
5c42ce23-d88e-4839-9674-ea8f8a15eafa,dc5100ac-b5ad-4705-b3e6-45fb04d1ff64,2967fdd5-ab82-433d-a6c4-1b8113e67a09,2026-01-01,2026-01-31,periode,1,4.0,0,2026-05-02 19:32:42.684956+00
4d9bf6f0-aefa-485b-91d8-d6815ac05821,dc5100ac-b5ad-4705-b3e6-45fb04d1ff64,3d2412d8-7795-4738-8754-59af09a8f512,2026-01-01,2026-01-31,periode,5,2.0,0,2026-05-02 19:32:42.684956+00
ad0c20be-de02-4f52-8964-990ae74ac29d,dc5100ac-b5ad-4705-b3e6-45fb04d1ff64,3dd1b7e2-0cba-420f-b95f-11315affd3df,2026-01-01,2026-01-31,periode,1,1.0,0,2026-05-02 19:32:42.684956+00
a2ca7a74-ebef-4dc7-b515-970cb12a38d3,dc5100ac-b5ad-4705-b3e6-45fb04d1ff64,4739e15d-80c0-41f6-a1c2-78044861b72a,2026-01-01,2026-01-31,periode,14,4.0,1.0,2026-05-02 19:32:42.684956+00
1911f1ab-daf5-4084-80e1-8c33850d14e4,dc5100ac-b5ad-4705-b3e6-45fb04d1ff64,743fb064-83e3-46cd-8429-f51a2f31642b,2026-01-01,2026-01-31,periode,1,4.0,0,2026-05-02 19:32:42.684956+00
791fa98b-e3e8-4a87-95f1-775408f6399f,dc5100ac-b5ad-4705-b3e6-45fb04d1ff64,7707c6cc-b462-4548-8c1d-23bd4539bb11,2026-01-01,2026-01-31,periode,11,2.0,0,2026-05-02 19:32:42.684956+00
5b99e26b-ca6e-4565-82d5-7270a1c77f4b,dc5100ac-b5ad-4705-b3e6-45fb04d1ff64,8388621a-ed33-4c67-83dc-dbcea84b0f5e,2026-01-01,2026-01-31,periode,11,6.0,1.0,2026-05-02 19:32:42.684956+00
d21f90ce-021d-4a34-8d29-ed071462f821,dc5100ac-b5ad-4705-b3e6-45fb04d1ff64,9745e1c7-0b49-4779-9301-7e8449f0e7d7,2026-01-01,2026-01-31,periode,9,2.0,0,2026-05-02 19:32:42.684956+00
d391968b-ef0d-4092-89d8-d8f4e7d47e48,dc5100ac-b5ad-4705-b3e6-45fb04d1ff64,a5682552-3c7e-42b2-bb03-d4d123da52ef,2026-01-01,2026-01-31,periode,0,1.0,0,2026-05-02 19:32:42.684956+00
4ac022ac-0be1-43cc-8c66-10111e6876d0,dc5100ac-b5ad-4705-b3e6-45fb04d1ff64,ab85b38e-5fb2-44f0-ade9-d2e0019be123,2026-01-01,2026-01-31,periode,15,7.0,0,2026-05-02 19:32:42.684956+00
443383e4-2f51-4ade-a3b1-ed488ae9966b,dc5100ac-b5ad-4705-b3e6-45fb04d1ff64,b8b8bfd7-3826-4066-8698-0c86fd8d5807,2026-01-01,2026-01-31,periode,9,3.0,0,2026-05-02 19:32:42.684956+00
3e99cae7-646c-4aed-b4aa-5e57a9a9aa6b,dc5100ac-b5ad-4705-b3e6-45fb04d1ff64,c525bc73-3c4c-411e-9949-803416e7d270,2026-01-01,2026-01-31,periode,32,3.5,0,2026-05-02 19:32:42.684956+00
bbd74e00-9865-4068-b1a4-2f5bfcdc3d5e,dc5100ac-b5ad-4705-b3e6-45fb04d1ff64,d737c6ed-658a-4a1f-b724-043895197726,2026-01-01,2026-01-31,periode,1,2.0,0,2026-05-02 19:32:42.684956+00
b310d20b-174a-4224-a8e5-6e5a2ab96341,dc5100ac-b5ad-4705-b3e6-45fb04d1ff64,e1ea46ac-2422-4bd4-a2ac-58a47096b187,2026-01-01,2026-01-31,periode,0,2.0,0,2026-05-02 19:32:42.684956+00
0ac4785a-dccd-46cd-94e6-33d4422f165a,dc5100ac-b5ad-4705-b3e6-45fb04d1ff64,null,2026-01-01,2026-01-31,periode,0,1.0,0,2026-05-02 19:32:42.684956+00
97b34924-8679-45f5-93b3-12866f7ffb75,05846018-a68b-4415-a429-3afafdb2b6b8,0bd18562-61aa-43cc-8484-3310a0822b5e,2026-02-01,2026-02-28,periode,1,1,0,2026-05-02 19:32:42.684956+00
10ea7248-e0b7-488c-ad7a-e3e1d312b205,05846018-a68b-4415-a429-3afafdb2b6b8,2967fdd5-ab82-433d-a6c4-1b8113e67a09,2026-02-01,2026-02-28,periode,1,0,0,2026-05-02 19:32:42.684956+00
bc3645be-2761-45bc-bc20-dd05c3cc529e,05846018-a68b-4415-a429-3afafdb2b6b8,3d2412d8-7795-4738-8754-59af09a8f512,2026-02-01,2026-02-28,periode,1,1,0,2026-05-02 19:32:42.684956+00
d1c44387-91cc-4369-9c88-0cf82be24fec,05846018-a68b-4415-a429-3afafdb2b6b8,3dd1b7e2-0cba-420f-b95f-11315affd3df,2026-02-01,2026-02-28,periode,2,1,0,2026-05-02 19:32:42.684956+00
4784a042-a79a-490f-9681-bbe0b9787a22,05846018-a68b-4415-a429-3afafdb2b6b8,4739e15d-80c0-41f6-a1c2-78044861b72a,2026-02-01,2026-02-28,periode,1,1,0,2026-05-02 19:32:42.684956+00
dca74f44-9321-4dae-a9d5-557899988ad3,05846018-a68b-4415-a429-3afafdb2b6b8,743fb064-83e3-46cd-8429-f51a2f31642b,2026-02-01,2026-02-28,periode,1,0,0,2026-05-02 19:32:42.684956+00
1d85ad1b-8ef0-4655-9c17-d532c9be5c1b,05846018-a68b-4415-a429-3afafdb2b6b8,8388621a-ed33-4c67-83dc-dbcea84b0f5e,2026-02-01,2026-02-28,periode,9,1,0,2026-05-02 19:32:42.684956+00
5c3a7250-b3f6-4a11-8dcd-26bb1917870f,05846018-a68b-4415-a429-3afafdb2b6b8,9745e1c7-0b49-4779-9301-7e8449f0e7d7,2026-02-01,2026-02-28,periode,1,0,0,2026-05-02 19:32:42.684956+00
c4eef21d-d9c6-4856-a660-a0be19e77e8a,05846018-a68b-4415-a429-3afafdb2b6b8,a5682552-3c7e-42b2-bb03-d4d123da52ef,2026-02-01,2026-02-28,periode,2,1,0,2026-05-02 19:32:42.684956+00
c29c0e4b-eaa2-4a5b-a9f6-8bf29dffe48a,05846018-a68b-4415-a429-3afafdb2b6b8,b8b8bfd7-3826-4066-8698-0c86fd8d5807,2026-02-01,2026-02-28,periode,16,1,0,2026-05-02 19:32:42.684956+00
459d939a-3246-4dc3-982b-00ae2439c95e,05846018-a68b-4415-a429-3afafdb2b6b8,c525bc73-3c4c-411e-9949-803416e7d270,2026-02-01,2026-02-28,periode,7,0,0,2026-05-02 19:32:42.684956+00
cde2cee0-e69d-48d0-a7f3-f37ed7577b6b,05846018-a68b-4415-a429-3afafdb2b6b8,d737c6ed-658a-4a1f-b724-043895197726,2026-02-01,2026-02-28,periode,3,1,0,2026-05-02 19:32:42.684956+00
11470227-ac70-4c4c-8630-ad9ca59ef9e3,05846018-a68b-4415-a429-3afafdb2b6b8,d977d9a5-48fd-415e-b31d-02f6bea0be79,2026-02-01,2026-02-28,periode,0,1,0,2026-05-02 19:32:42.684956+00
13ff5517-c10a-43bb-8eb7-0c9325996ac4,05846018-a68b-4415-a429-3afafdb2b6b8,e1ea46ac-2422-4bd4-a2ac-58a47096b187,2026-02-01,2026-02-28,periode,5,1,1,2026-05-02 19:32:42.684956+00
cd8992be-1f82-45ec-8a47-4ccfab2ff19b,05846018-a68b-4415-a429-3afafdb2b6b8,e3f97cb9-fc81-410f-a1a4-0d486638326e,2026-02-01,2026-02-28,periode,3,1,0,2026-05-02 19:32:42.684956+00
bbb7e5fd-d50f-4913-b2a0-f8caaa9e5f8f,129090e2-d446-4424-934a-2f39d73a5954,0bd18562-61aa-43cc-8484-3310a0822b5e,2026-02-01,2026-02-28,periode,0,1,0,2026-05-02 19:32:42.684956+00
159f0737-384a-49db-9b99-60296d42f534,129090e2-d446-4424-934a-2f39d73a5954,0d087b99-4dd1-4cb0-aea9-568efd0e7374,2026-02-01,2026-02-28,periode,5,1,0,2026-05-02 19:32:42.684956+00
ae0fb894-4ceb-4916-a9e7-4d35a862fb56,129090e2-d446-4424-934a-2f39d73a5954,2967fdd5-ab82-433d-a6c4-1b8113e67a09,2026-02-01,2026-02-28,periode,21,1,0,2026-05-02 19:32:42.684956+00
afd2c936-4dbe-4aa2-ac8a-13913c611a09,129090e2-d446-4424-934a-2f39d73a5954,3d2412d8-7795-4738-8754-59af09a8f512,2026-02-01,2026-02-28,periode,2,1,0,2026-05-02 19:32:42.684956+00
ba65ce53-936b-4cbf-92e2-57a6d829170a,129090e2-d446-4424-934a-2f39d73a5954,3dd1b7e2-0cba-420f-b95f-11315affd3df,2026-02-01,2026-02-28,periode,9,0,0,2026-05-02 19:32:42.684956+00
8942036a-4277-44b9-9cdc-d29f8e1d2f8b,129090e2-d446-4424-934a-2f39d73a5954,4739e15d-80c0-41f6-a1c2-78044861b72a,2026-02-01,2026-02-28,periode,0,2,0,2026-05-02 19:32:42.684956+00
7774827b-ea18-4f5a-92aa-591ea12be123,129090e2-d446-4424-934a-2f39d73a5954,743fb064-83e3-46cd-8429-f51a2f31642b,2026-02-01,2026-02-28,periode,13,3,1,2026-05-02 19:32:42.684956+00
cdf3860c-6494-4fe5-925c-e4829b760ec4,129090e2-d446-4424-934a-2f39d73a5954,7707c6cc-b462-4548-8c1d-23bd4539bb11,2026-02-01,2026-02-28,periode,5,0,0,2026-05-02 19:32:42.684956+00
084ff1b5-2c6a-4311-b041-fd834c33a1c0,129090e2-d446-4424-934a-2f39d73a5954,8388621a-ed33-4c67-83dc-dbcea84b0f5e,2026-02-01,2026-02-28,periode,22,1,0,2026-05-02 19:32:42.684956+00
c0c1b08e-bcb1-4a6c-bdd0-e7afbb92d398,129090e2-d446-4424-934a-2f39d73a5954,9745e1c7-0b49-4779-9301-7e8449f0e7d7,2026-02-01,2026-02-28,periode,12,0,0,2026-05-02 19:32:42.684956+00
1998d79d-bebb-420f-8c51-aa2a416f47d0,129090e2-d446-4424-934a-2f39d73a5954,a5682552-3c7e-42b2-bb03-d4d123da52ef,2026-02-01,2026-02-28,periode,0,2,0,2026-05-02 19:32:42.684956+00
c7143177-8c5d-4182-b908-cc226c92dae8,129090e2-d446-4424-934a-2f39d73a5954,ab85b38e-5fb2-44f0-ade9-d2e0019be123,2026-02-01,2026-02-28,periode,13,1,0,2026-05-02 19:32:42.684956+00
7a22673a-5f50-4374-baab-2887c4a14f93,129090e2-d446-4424-934a-2f39d73a5954,b8b8bfd7-3826-4066-8698-0c86fd8d5807,2026-02-01,2026-02-28,periode,27,2,0,2026-05-02 19:32:42.684956+00
897b08a0-1ed5-4c14-b255-f5fa652484a4,129090e2-d446-4424-934a-2f39d73a5954,c525bc73-3c4c-411e-9949-803416e7d270,2026-02-01,2026-02-28,periode,6,1,0,2026-05-02 19:32:42.684956+00
4f89157a-53a9-4515-97f7-ac78c81174d5,129090e2-d446-4424-934a-2f39d73a5954,d737c6ed-658a-4a1f-b724-043895197726,2026-02-01,2026-02-28,periode,2,0,0,2026-05-02 19:32:42.684956+00
e02ff8ff-59ec-438c-a023-21fa315c8e71,129090e2-d446-4424-934a-2f39d73a5954,d977d9a5-48fd-415e-b31d-02f6bea0be79,2026-02-01,2026-02-28,periode,1,2,0,2026-05-02 19:32:42.684956+00
239da2da-2301-44f9-8743-dbe9f98ce2c4,129090e2-d446-4424-934a-2f39d73a5954,e1ea46ac-2422-4bd4-a2ac-58a47096b187,2026-02-01,2026-02-28,periode,10,0,0,2026-05-02 19:32:42.684956+00
3653dd46-e3b8-4a04-ab7d-3e102c7a1b09,129090e2-d446-4424-934a-2f39d73a5954,e3f97cb9-fc81-410f-a1a4-0d486638326e,2026-02-01,2026-02-28,periode,6,0,0,2026-05-02 19:32:42.684956+00
077a44ec-163f-456e-b15a-c1376b223c93,1b7086c6-922a-42b2-95e8-f10cac431ba6,21ee3aa6-277a-43f1-b80c-4d035170fa25,2026-02-01,2026-02-28,periode,1,0,0,2026-05-02 19:32:42.684956+00
dc75e471-68a9-4539-b790-be44b08595dc,1b7086c6-922a-42b2-95e8-f10cac431ba6,2967fdd5-ab82-433d-a6c4-1b8113e67a09,2026-02-01,2026-02-28,periode,5,4,0,2026-05-02 19:32:42.684956+00
24c4a9c2-676b-4ea9-8aaf-203e53a6642b,1b7086c6-922a-42b2-95e8-f10cac431ba6,3d2412d8-7795-4738-8754-59af09a8f512,2026-02-01,2026-02-28,periode,1,0,0,2026-05-02 19:32:42.684956+00
4cca862c-98fd-4043-a0a6-4faee45a0872,1b7086c6-922a-42b2-95e8-f10cac431ba6,3dd1b7e2-0cba-420f-b95f-11315affd3df,2026-02-01,2026-02-28,periode,1,0,0,2026-05-02 19:32:42.684956+00
40b99534-f0b5-46d3-814e-7d5ebeb9932a,1b7086c6-922a-42b2-95e8-f10cac431ba6,4739e15d-80c0-41f6-a1c2-78044861b72a,2026-02-01,2026-02-28,periode,16,3,0,2026-05-02 19:32:42.684956+00
8d2b7ec0-d9a7-4e3c-ad83-bdb13c9e0a81,1b7086c6-922a-42b2-95e8-f10cac431ba6,743fb064-83e3-46cd-8429-f51a2f31642b,2026-02-01,2026-02-28,periode,33,4,0,2026-05-02 19:32:42.684956+00
556e9804-2981-464e-95e8-bcdd32768f5d,1b7086c6-922a-42b2-95e8-f10cac431ba6,7707c6cc-b462-4548-8c1d-23bd4539bb11,2026-02-01,2026-02-28,periode,1,0,0,2026-05-02 19:32:42.684956+00
3a1eed57-2a74-43a0-9a82-af8538173d5e,1b7086c6-922a-42b2-95e8-f10cac431ba6,8388621a-ed33-4c67-83dc-dbcea84b0f5e,2026-02-01,2026-02-28,periode,2,1,0,2026-05-02 19:32:42.684956+00
c771cac9-0321-4716-ad8c-5d20fe94ccf5,1b7086c6-922a-42b2-95e8-f10cac431ba6,9745e1c7-0b49-4779-9301-7e8449f0e7d7,2026-02-01,2026-02-28,periode,11,0,0,2026-05-02 19:32:42.684956+00
52c64bc6-36d5-4dbf-9df7-e176a818b5ef,1b7086c6-922a-42b2-95e8-f10cac431ba6,ab85b38e-5fb2-44f0-ade9-d2e0019be123,2026-02-01,2026-02-28,periode,25,5,0,2026-05-02 19:32:42.684956+00
7ea9a42e-84a9-43f3-b64e-2b1a631f7da3,1b7086c6-922a-42b2-95e8-f10cac431ba6,b8b8bfd7-3826-4066-8698-0c86fd8d5807,2026-02-01,2026-02-28,periode,4,0,0,2026-05-02 19:32:42.684956+00
c85eb82a-fa6b-428b-aa5f-b88f6add4654,1b7086c6-922a-42b2-95e8-f10cac431ba6,c525bc73-3c4c-411e-9949-803416e7d270,2026-02-01,2026-02-28,periode,44,4,0,2026-05-02 19:32:42.684956+00
fbd4b36e-699c-484b-aff8-edebd56366c3,1b7086c6-922a-42b2-95e8-f10cac431ba6,e1ea46ac-2422-4bd4-a2ac-58a47096b187,2026-02-01,2026-02-28,periode,1,0,0,2026-05-02 19:32:42.684956+00
ed3a806d-7003-4e2e-b8d4-b352280a36a7,6adfe150-0752-4f5e-90ea-28d25d769b49,21ee3aa6-277a-43f1-b80c-4d035170fa25,2026-02-01,2026-02-28,periode,1,0,0,2026-05-02 19:32:42.684956+00
179dfa85-7441-4f35-a0da-4706b74d1b22,6adfe150-0752-4f5e-90ea-28d25d769b49,2967fdd5-ab82-433d-a6c4-1b8113e67a09,2026-02-01,2026-02-28,periode,4,1,0,2026-05-02 19:32:42.684956+00
4171cf78-b9bb-427f-8e27-a3f01a741e7f,6adfe150-0752-4f5e-90ea-28d25d769b49,3d2412d8-7795-4738-8754-59af09a8f512,2026-02-01,2026-02-28,periode,1,1,0,2026-05-02 19:32:42.684956+00
3f0f12ad-4bde-425f-82ee-81481cef2555,6adfe150-0752-4f5e-90ea-28d25d769b49,3dd1b7e2-0cba-420f-b95f-11315affd3df,2026-02-01,2026-02-28,periode,0,1,0,2026-05-02 19:32:42.684956+00
f044785f-ed23-4241-9594-48571fdb4c47,6adfe150-0752-4f5e-90ea-28d25d769b49,4739e15d-80c0-41f6-a1c2-78044861b72a,2026-02-01,2026-02-28,periode,27,3,0,2026-05-02 19:32:42.684956+00
8a784358-3514-49b7-a38b-29b8bfb510e1,6adfe150-0752-4f5e-90ea-28d25d769b49,743fb064-83e3-46cd-8429-f51a2f31642b,2026-02-01,2026-02-28,periode,8,1,0,2026-05-02 19:32:42.684956+00
a199d05a-f407-4a8a-9ed6-0d0b476848b4,6adfe150-0752-4f5e-90ea-28d25d769b49,7707c6cc-b462-4548-8c1d-23bd4539bb11,2026-02-01,2026-02-28,periode,1,1,0,2026-05-02 19:32:42.684956+00
10d60fad-9649-4126-83af-e4e9870321b4,6adfe150-0752-4f5e-90ea-28d25d769b49,8388621a-ed33-4c67-83dc-dbcea84b0f5e,2026-02-01,2026-02-28,periode,8,1,0,2026-05-02 19:32:42.684956+00
77976661-fb6e-49ea-8caf-ebb8e94d2987,6adfe150-0752-4f5e-90ea-28d25d769b49,9745e1c7-0b49-4779-9301-7e8449f0e7d7,2026-02-01,2026-02-28,periode,9,2,0,2026-05-02 19:32:42.684956+00
d2fe4c55-3f2c-4d9d-8fe0-bcdbdb92401f,6adfe150-0752-4f5e-90ea-28d25d769b49,a5682552-3c7e-42b2-bb03-d4d123da52ef,2026-02-01,2026-02-28,periode,1,2,0,2026-05-02 19:32:42.684956+00
b7c28d5e-3999-47eb-9a66-220222394b20,6adfe150-0752-4f5e-90ea-28d25d769b49,ab85b38e-5fb2-44f0-ade9-d2e0019be123,2026-02-01,2026-02-28,periode,22,2,0,2026-05-02 19:32:42.684956+00
03007769-5af0-4fe0-9ce9-45524aead4b9,6adfe150-0752-4f5e-90ea-28d25d769b49,b8b8bfd7-3826-4066-8698-0c86fd8d5807,2026-02-01,2026-02-28,periode,15,2,0,2026-05-02 19:32:42.684956+00
3a9c2407-5f7d-4795-9702-107922131a0f,6adfe150-0752-4f5e-90ea-28d25d769b49,c525bc73-3c4c-411e-9949-803416e7d270,2026-02-01,2026-02-28,periode,24,2,0,2026-05-02 19:32:42.684956+00
6f151b22-8a31-4024-b463-109c0135fd68,6adfe150-0752-4f5e-90ea-28d25d769b49,d737c6ed-658a-4a1f-b724-043895197726,2026-02-01,2026-02-28,periode,2,1,0,2026-05-02 19:32:42.684956+00
8140ad8c-7b72-4870-ad12-d5a6edaf1b8e,6adfe150-0752-4f5e-90ea-28d25d769b49,d977d9a5-48fd-415e-b31d-02f6bea0be79,2026-02-01,2026-02-28,periode,3,0,0,2026-05-02 19:32:42.684956+00
e81826fb-1de6-4217-9625-1b929d30a5bf,6adfe150-0752-4f5e-90ea-28d25d769b49,e3f97cb9-fc81-410f-a1a4-0d486638326e,2026-02-01,2026-02-28,periode,1,1,0,2026-05-02 19:32:42.684956+00
79e0e4fd-c622-46e3-849a-0c5d00e397d4,cfb8af80-d40b-46dc-9519-78ba7567cda8,0bd18562-61aa-43cc-8484-3310a0822b5e,2026-02-01,2026-02-28,periode,2,0,0,2026-05-02 19:32:42.684956+00
64c62d4e-0e2f-4de7-97d7-f1d82855996e,cfb8af80-d40b-46dc-9519-78ba7567cda8,0d087b99-4dd1-4cb0-aea9-568efd0e7374,2026-02-01,2026-02-28,periode,2,0,0,2026-05-02 19:32:42.684956+00
eadff7a1-49f5-486f-b4fb-b5594b66b2ed,cfb8af80-d40b-46dc-9519-78ba7567cda8,2967fdd5-ab82-433d-a6c4-1b8113e67a09,2026-02-01,2026-02-28,periode,3,1,0,2026-05-02 19:32:42.684956+00
3dc1faca-f689-40cc-aef4-ff7592a342c4,cfb8af80-d40b-46dc-9519-78ba7567cda8,3d2412d8-7795-4738-8754-59af09a8f512,2026-02-01,2026-02-28,periode,1,1,0,2026-05-02 19:32:42.684956+00
898c03a1-db6c-4077-8b3d-364d7ac07c27,cfb8af80-d40b-46dc-9519-78ba7567cda8,3dd1b7e2-0cba-420f-b95f-11315affd3df,2026-02-01,2026-02-28,periode,3,1,0,2026-05-02 19:32:42.684956+00
b4ddc522-6dbe-4c20-8175-e80f40374345,cfb8af80-d40b-46dc-9519-78ba7567cda8,4739e15d-80c0-41f6-a1c2-78044861b72a,2026-02-01,2026-02-28,periode,6,4,0,2026-05-02 19:32:42.684956+00
163e069f-a13e-4694-88e7-06a7f597ba62,cfb8af80-d40b-46dc-9519-78ba7567cda8,743fb064-83e3-46cd-8429-f51a2f31642b,2026-02-01,2026-02-28,periode,7,1,0,2026-05-02 19:32:42.684956+00
5aeb49a8-d3e6-4b4b-992f-adebe78f3783,cfb8af80-d40b-46dc-9519-78ba7567cda8,7707c6cc-b462-4548-8c1d-23bd4539bb11,2026-02-01,2026-02-28,periode,1,1,0,2026-05-02 19:32:42.684956+00
7c7332f3-9c0d-43a9-9c58-9d49458cb214,cfb8af80-d40b-46dc-9519-78ba7567cda8,8388621a-ed33-4c67-83dc-dbcea84b0f5e,2026-02-01,2026-02-28,periode,3,1,2,2026-05-02 19:32:42.684956+00
2e82f5da-c3d8-492e-9093-f7107e2f3ce3,cfb8af80-d40b-46dc-9519-78ba7567cda8,9745e1c7-0b49-4779-9301-7e8449f0e7d7,2026-02-01,2026-02-28,periode,3,2,0,2026-05-02 19:32:42.684956+00
acc979d9-1e96-41c3-843d-5aba1bf5db4a,cfb8af80-d40b-46dc-9519-78ba7567cda8,a5682552-3c7e-42b2-bb03-d4d123da52ef,2026-02-01,2026-02-28,periode,0,1,0,2026-05-02 19:32:42.684956+00
86a79bdb-2f8b-4f1e-8069-835cf27ec6af,cfb8af80-d40b-46dc-9519-78ba7567cda8,b8b8bfd7-3826-4066-8698-0c86fd8d5807,2026-02-01,2026-02-28,periode,11,1,0,2026-05-02 19:32:42.684956+00
52a4ab1b-3711-407f-9c56-7fca17090501,cfb8af80-d40b-46dc-9519-78ba7567cda8,c525bc73-3c4c-411e-9949-803416e7d270,2026-02-01,2026-02-28,periode,20,2,0,2026-05-02 19:32:42.684956+00
d0873d42-b864-479f-8d59-7b80f3ce394a,cfb8af80-d40b-46dc-9519-78ba7567cda8,d737c6ed-658a-4a1f-b724-043895197726,2026-02-01,2026-02-28,periode,1,2,0,2026-05-02 19:32:42.684956+00
a3165423-6703-42ad-ad68-ca910ac31f0d,cfb8af80-d40b-46dc-9519-78ba7567cda8,d977d9a5-48fd-415e-b31d-02f6bea0be79,2026-02-01,2026-02-28,periode,2,0,0,2026-05-02 19:32:42.684956+00
c0e610b9-7717-4511-a104-c8486d2b1c1f,cfb8af80-d40b-46dc-9519-78ba7567cda8,e1ea46ac-2422-4bd4-a2ac-58a47096b187,2026-02-01,2026-02-28,periode,2,1,0,2026-05-02 19:32:42.684956+00
eb16ca0d-23b3-425b-ad56-2038855a3f74,dc5100ac-b5ad-4705-b3e6-45fb04d1ff64,0bd18562-61aa-43cc-8484-3310a0822b5e,2026-02-01,2026-02-28,periode,1,0,1,2026-05-02 19:32:42.684956+00
58af5ed4-57af-4044-900a-95fd3301767d,dc5100ac-b5ad-4705-b3e6-45fb04d1ff64,0d087b99-4dd1-4cb0-aea9-568efd0e7374,2026-02-01,2026-02-28,periode,3,2,0,2026-05-02 19:32:42.684956+00
cb8b3bb1-3de9-43c7-bacb-85e59d544e58,dc5100ac-b5ad-4705-b3e6-45fb04d1ff64,21ee3aa6-277a-43f1-b80c-4d035170fa25,2026-02-01,2026-02-28,periode,2,0,0,2026-05-02 19:32:42.684956+00
770e0049-2791-410a-8d45-887241a58b7f,dc5100ac-b5ad-4705-b3e6-45fb04d1ff64,2967fdd5-ab82-433d-a6c4-1b8113e67a09,2026-02-01,2026-02-28,periode,1,7,0,2026-05-02 19:32:42.684956+00
4c5bafde-c62f-49a7-8c82-1ba92993c98d,dc5100ac-b5ad-4705-b3e6-45fb04d1ff64,3d2412d8-7795-4738-8754-59af09a8f512,2026-02-01,2026-02-28,periode,10,0,0,2026-05-02 19:32:42.684956+00
33f8bc0f-0415-4fc9-a2c9-e220376abb20,dc5100ac-b5ad-4705-b3e6-45fb04d1ff64,4739e15d-80c0-41f6-a1c2-78044861b72a,2026-02-01,2026-02-28,periode,10,8,0,2026-05-02 19:32:42.684956+00
f76c9741-29d0-4d62-84be-4b48c775bb1f,dc5100ac-b5ad-4705-b3e6-45fb04d1ff64,743fb064-83e3-46cd-8429-f51a2f31642b,2026-02-01,2026-02-28,periode,20,5,0,2026-05-02 19:32:42.684956+00
dad74a58-0dcb-4cb9-94bd-d720dde219ed,dc5100ac-b5ad-4705-b3e6-45fb04d1ff64,7707c6cc-b462-4548-8c1d-23bd4539bb11,2026-02-01,2026-02-28,periode,4,2,0,2026-05-02 19:32:42.684956+00
f1c6d1d9-6543-4077-9219-bb895280b45a,dc5100ac-b5ad-4705-b3e6-45fb04d1ff64,8388621a-ed33-4c67-83dc-dbcea84b0f5e,2026-02-01,2026-02-28,periode,9,3,0,2026-05-02 19:32:42.684956+00
7ab457d2-76eb-4185-88a8-e403529537b5,dc5100ac-b5ad-4705-b3e6-45fb04d1ff64,9745e1c7-0b49-4779-9301-7e8449f0e7d7,2026-02-01,2026-02-28,periode,3,1,0,2026-05-02 19:32:42.684956+00
60feea6d-4c8b-4723-8684-876f3d056c13,dc5100ac-b5ad-4705-b3e6-45fb04d1ff64,a5682552-3c7e-42b2-bb03-d4d123da52ef,2026-02-01,2026-02-28,periode,4,0,0,2026-05-02 19:32:42.684956+00
e5d51d93-8b1a-415a-b66c-b721ceb98445,dc5100ac-b5ad-4705-b3e6-45fb04d1ff64,ab85b38e-5fb2-44f0-ade9-d2e0019be123,2026-02-01,2026-02-28,periode,7,8,0,2026-05-02 19:32:42.684956+00
51cd901a-28d2-45b1-bbb9-cc3b91ca823e,dc5100ac-b5ad-4705-b3e6-45fb04d1ff64,b8b8bfd7-3826-4066-8698-0c86fd8d5807,2026-02-01,2026-02-28,periode,4,4,0,2026-05-02 19:32:42.684956+00
2ca30071-36f5-4c8c-84ab-1779c1962b9b,dc5100ac-b5ad-4705-b3e6-45fb04d1ff64,c525bc73-3c4c-411e-9949-803416e7d270,2026-02-01,2026-02-28,periode,17,7,0,2026-05-02 19:32:42.684956+00
e0935b5b-9c56-422a-b0c9-1c44cd0f2140,dc5100ac-b5ad-4705-b3e6-45fb04d1ff64,d977d9a5-48fd-415e-b31d-02f6bea0be79,2026-02-01,2026-02-28,periode,1,0,0,2026-05-02 19:32:42.684956+00
42fbb54c-a65e-4c8f-a67f-05557cfb3cfe,dc5100ac-b5ad-4705-b3e6-45fb04d1ff64,e1ea46ac-2422-4bd4-a2ac-58a47096b187,2026-02-01,2026-02-28,periode,1,0,0,2026-05-02 19:32:42.684956+00
f3bfe810-faff-40b6-8eaa-db69d788cadd,dc5100ac-b5ad-4705-b3e6-45fb04d1ff64,e3f97cb9-fc81-410f-a1a4-0d486638326e,2026-02-01,2026-02-28,periode,2,0,0,2026-05-02 19:32:42.684956+00
064985ef-503b-4051-bbcb-ce4f38f4db7a,05846018-a68b-4415-a429-3afafdb2b6b8,0d087b99-4dd1-4cb0-aea9-568efd0e7374,2026-03-01,2026-03-31,periode,4,0.7,0,2026-05-02 19:32:42.684956+00
01c43272-32c7-4d43-bba2-1bbc41937369,05846018-a68b-4415-a429-3afafdb2b6b8,2967fdd5-ab82-433d-a6c4-1b8113e67a09,2026-03-01,2026-03-31,periode,5,0.8,0,2026-05-02 19:32:42.684956+00
e941354a-9810-4238-8a1c-c137735ee6c1,05846018-a68b-4415-a429-3afafdb2b6b8,3d2412d8-7795-4738-8754-59af09a8f512,2026-03-01,2026-03-31,periode,2,0.3,0,2026-05-02 19:32:42.684956+00
51a360c3-be0c-4749-836f-db14ff4ed910,05846018-a68b-4415-a429-3afafdb2b6b8,3dd1b7e2-0cba-420f-b95f-11315affd3df,2026-03-01,2026-03-31,periode,8,1.3,0,2026-05-02 19:32:42.684956+00
50252015-5de3-43e0-820d-4d42a317c815,05846018-a68b-4415-a429-3afafdb2b6b8,4739e15d-80c0-41f6-a1c2-78044861b72a,2026-03-01,2026-03-31,periode,11,1.8,0,2026-05-02 19:32:42.684956+00
b4f082cc-5d5a-4472-bb17-98d1db795e73,05846018-a68b-4415-a429-3afafdb2b6b8,743fb064-83e3-46cd-8429-f51a2f31642b,2026-03-01,2026-03-31,periode,9,1.5,0,2026-05-02 19:32:42.684956+00
3c6757b1-c4df-4841-92be-822c2f95f823,05846018-a68b-4415-a429-3afafdb2b6b8,8388621a-ed33-4c67-83dc-dbcea84b0f5e,2026-03-01,2026-03-31,periode,17,2.8,0,2026-05-02 19:32:42.684956+00
cf02b00c-fc0f-40ab-a2d8-9f61ad82bbc6,05846018-a68b-4415-a429-3afafdb2b6b8,9745e1c7-0b49-4779-9301-7e8449f0e7d7,2026-03-01,2026-03-31,periode,2,0.3,0,2026-05-02 19:32:42.684956+00
620f514f-a09e-459d-bf05-0017da0345c7,05846018-a68b-4415-a429-3afafdb2b6b8,ab85b38e-5fb2-44f0-ade9-d2e0019be123,2026-03-01,2026-03-31,periode,8,1.3,0,2026-05-02 19:32:42.684956+00
d2d8597e-f8ac-46dc-9356-91e1fd6ec4eb,05846018-a68b-4415-a429-3afafdb2b6b8,b8b8bfd7-3826-4066-8698-0c86fd8d5807,2026-03-01,2026-03-31,periode,20,3.3,0,2026-05-02 19:32:42.684956+00
7f06e74b-4ec1-4173-bf6b-29d8e0827fbe,05846018-a68b-4415-a429-3afafdb2b6b8,c525bc73-3c4c-411e-9949-803416e7d270,2026-03-01,2026-03-31,periode,7,1.1,0,2026-05-02 19:32:42.684956+00
ec8cd397-95b5-405f-9fe4-aff143765c48,05846018-a68b-4415-a429-3afafdb2b6b8,d737c6ed-658a-4a1f-b724-043895197726,2026-03-01,2026-03-31,periode,4,0.7,0,2026-05-02 19:32:42.684956+00
119c0906-1d15-4b9d-9245-c8308ea327ca,05846018-a68b-4415-a429-3afafdb2b6b8,d977d9a5-48fd-415e-b31d-02f6bea0be79,2026-03-01,2026-03-31,periode,4,0.7,0,2026-05-02 19:32:42.684956+00
f1c60ce9-b91b-45ba-a2de-8d7b8196c492,05846018-a68b-4415-a429-3afafdb2b6b8,e1ea46ac-2422-4bd4-a2ac-58a47096b187,2026-03-01,2026-03-31,periode,10,1.6,0,2026-05-02 19:32:42.684956+00
f456e0b3-801e-4698-a3fc-9a74b9354cd9,05846018-a68b-4415-a429-3afafdb2b6b8,e3f97cb9-fc81-410f-a1a4-0d486638326e,2026-03-01,2026-03-31,periode,5,0.8,0,2026-05-02 19:32:42.684956+00
949f971c-fe5a-4acd-aae0-6cbf7fe3ee56,129090e2-d446-4424-934a-2f39d73a5954,0bd18562-61aa-43cc-8484-3310a0822b5e,2026-03-01,2026-03-31,periode,3,0.5,0,2026-05-02 19:32:42.684956+00
f9696bbb-ed38-4520-a53c-ab10a2cfc82e,129090e2-d446-4424-934a-2f39d73a5954,0d087b99-4dd1-4cb0-aea9-568efd0e7374,2026-03-01,2026-03-31,periode,1,0.2,0,2026-05-02 19:32:42.684956+00
a8fca104-5bb3-4366-9bf6-8fca41f9ab82,129090e2-d446-4424-934a-2f39d73a5954,2967fdd5-ab82-433d-a6c4-1b8113e67a09,2026-03-01,2026-03-31,periode,14,2.1,0,2026-05-02 19:32:42.684956+00
6c4a66ca-7c24-44d4-8d19-1eac9b7a7460,129090e2-d446-4424-934a-2f39d73a5954,3d2412d8-7795-4738-8754-59af09a8f512,2026-03-01,2026-03-31,periode,7,1.1,0,2026-05-02 19:32:42.684956+00
893920f7-5465-47c4-adc3-8f03ae5b2149,129090e2-d446-4424-934a-2f39d73a5954,3dd1b7e2-0cba-420f-b95f-11315affd3df,2026-03-01,2026-03-31,periode,15,2.3,0,2026-05-02 19:32:42.684956+00
08d81688-8c0d-4def-a3b0-d3755df92a6d,129090e2-d446-4424-934a-2f39d73a5954,4739e15d-80c0-41f6-a1c2-78044861b72a,2026-03-01,2026-03-31,periode,39,5.9,0,2026-05-02 19:32:42.684956+00
1c701ced-df92-440a-8aae-edf90320be56,129090e2-d446-4424-934a-2f39d73a5954,743fb064-83e3-46cd-8429-f51a2f31642b,2026-03-01,2026-03-31,periode,36,5.4,1,2026-05-02 19:32:42.684956+00
6f72859f-4bb3-42dc-944b-c4e83763c0e9,129090e2-d446-4424-934a-2f39d73a5954,8388621a-ed33-4c67-83dc-dbcea84b0f5e,2026-03-01,2026-03-31,periode,34,5.1,0,2026-05-02 19:32:42.684956+00
2834bbb1-7939-4b81-baa4-03469e81a2c8,129090e2-d446-4424-934a-2f39d73a5954,9745e1c7-0b49-4779-9301-7e8449f0e7d7,2026-03-01,2026-03-31,periode,17,2.6,2,2026-05-02 19:32:42.684956+00
815c4a85-ec1a-4078-a3ba-b09525a9c7fd,129090e2-d446-4424-934a-2f39d73a5954,ab85b38e-5fb2-44f0-ade9-d2e0019be123,2026-03-01,2026-03-31,periode,20,3.0,0,2026-05-02 19:32:42.684956+00
e3272036-111b-4293-8c2b-571c1640c78b,129090e2-d446-4424-934a-2f39d73a5954,b8b8bfd7-3826-4066-8698-0c86fd8d5807,2026-03-01,2026-03-31,periode,35,5.3,0,2026-05-02 19:32:42.684956+00
94ffb8e4-abdc-43f1-9f3f-6de0525e3ac1,129090e2-d446-4424-934a-2f39d73a5954,c525bc73-3c4c-411e-9949-803416e7d270,2026-03-01,2026-03-31,periode,18,2.7,0,2026-05-02 19:32:42.684956+00
cfaa3cb8-7c2e-4e10-969c-e1cea9a62bbc,129090e2-d446-4424-934a-2f39d73a5954,d977d9a5-48fd-415e-b31d-02f6bea0be79,2026-03-01,2026-03-31,periode,3,0.5,1,2026-05-02 19:32:42.684956+00
09d06415-a1fa-422f-8e08-fbb20d1d69b9,129090e2-d446-4424-934a-2f39d73a5954,e1ea46ac-2422-4bd4-a2ac-58a47096b187,2026-03-01,2026-03-31,periode,2,0.3,0,2026-05-02 19:32:42.684956+00
a31a4d23-f263-472d-8bb2-c1641472b167,129090e2-d446-4424-934a-2f39d73a5954,e3f97cb9-fc81-410f-a1a4-0d486638326e,2026-03-01,2026-03-31,periode,2,0.3,0,2026-05-02 19:32:42.684956+00
5c9c488c-8902-4b58-b8db-f3ca2b2aa3b0,1b7086c6-922a-42b2-95e8-f10cac431ba6,0bd18562-61aa-43cc-8484-3310a0822b5e,2026-03-01,2026-03-31,periode,10,1.7,0,2026-05-02 19:32:42.684956+00
1b196644-1935-4b91-86d1-e6292a7b51da,1b7086c6-922a-42b2-95e8-f10cac431ba6,0d087b99-4dd1-4cb0-aea9-568efd0e7374,2026-03-01,2026-03-31,periode,6,1.0,0,2026-05-02 19:32:42.684956+00
869aea4f-1e7c-460d-9763-3f4a25a3c998,1b7086c6-922a-42b2-95e8-f10cac431ba6,21ee3aa6-277a-43f1-b80c-4d035170fa25,2026-03-01,2026-03-31,periode,3,0.5,0,2026-05-02 19:32:42.684956+00
f32a907f-5670-4402-b2d1-88b5256d5b6d,1b7086c6-922a-42b2-95e8-f10cac431ba6,2967fdd5-ab82-433d-a6c4-1b8113e67a09,2026-03-01,2026-03-31,periode,3,0.5,0,2026-05-02 19:32:42.684956+00
c9adffe6-5b2a-4dd2-8e42-5f532297119a,1b7086c6-922a-42b2-95e8-f10cac431ba6,3d2412d8-7795-4738-8754-59af09a8f512,2026-03-01,2026-03-31,periode,19,3.3,0,2026-05-02 19:32:42.684956+00
b538886d-7003-4c8d-a631-1ffb0037a639,1b7086c6-922a-42b2-95e8-f10cac431ba6,3dd1b7e2-0cba-420f-b95f-11315affd3df,2026-03-01,2026-03-31,periode,10,1.7,0,2026-05-02 19:32:42.684956+00
eaab3fe2-0ebe-4313-bba2-45f8322c3eef,1b7086c6-922a-42b2-95e8-f10cac431ba6,4739e15d-80c0-41f6-a1c2-78044861b72a,2026-03-01,2026-03-31,periode,44,7.6,0,2026-05-02 19:32:42.684956+00
e9f888a4-2300-43dd-ae36-9c6cfc97cfd8,1b7086c6-922a-42b2-95e8-f10cac431ba6,743fb064-83e3-46cd-8429-f51a2f31642b,2026-03-01,2026-03-31,periode,62,10.7,0,2026-05-02 19:32:42.684956+00
bea8814a-0127-4687-9725-dd3ebf548c30,1b7086c6-922a-42b2-95e8-f10cac431ba6,8388621a-ed33-4c67-83dc-dbcea84b0f5e,2026-03-01,2026-03-31,periode,8,1.4,1,2026-05-02 19:32:42.684956+00
017d92b1-af28-4880-8a3f-ce1b6743cd14,1b7086c6-922a-42b2-95e8-f10cac431ba6,9745e1c7-0b49-4779-9301-7e8449f0e7d7,2026-03-01,2026-03-31,periode,16,2.8,0,2026-05-02 19:32:42.684956+00
c0f03a48-c86a-4a53-966a-c23f91cf132c,1b7086c6-922a-42b2-95e8-f10cac431ba6,ab85b38e-5fb2-44f0-ade9-d2e0019be123,2026-03-01,2026-03-31,periode,46,8.0,0,2026-05-02 19:32:42.684956+00
21c506b7-0200-4dde-9d0e-f57ef7018626,1b7086c6-922a-42b2-95e8-f10cac431ba6,b8b8bfd7-3826-4066-8698-0c86fd8d5807,2026-03-01,2026-03-31,periode,4,0.7,0,2026-05-02 19:32:42.684956+00
eb6b711f-e516-4ded-985a-bbff3e3b5437,1b7086c6-922a-42b2-95e8-f10cac431ba6,c525bc73-3c4c-411e-9949-803416e7d270,2026-03-01,2026-03-31,periode,30,5.2,0,2026-05-02 19:32:42.684956+00
ef481097-6313-4a1a-aeb5-e9e5986778ef,1b7086c6-922a-42b2-95e8-f10cac431ba6,d737c6ed-658a-4a1f-b724-043895197726,2026-03-01,2026-03-31,periode,0,0.0,1,2026-05-02 19:32:42.684956+00
7525c2e4-8446-41ca-9f81-e75f2854ccc1,1b7086c6-922a-42b2-95e8-f10cac431ba6,d977d9a5-48fd-415e-b31d-02f6bea0be79,2026-03-01,2026-03-31,periode,1,0.2,0,2026-05-02 19:32:42.684956+00
4b7b8c46-8b86-49eb-a6ee-d647a1f7f6a7,1b7086c6-922a-42b2-95e8-f10cac431ba6,e1ea46ac-2422-4bd4-a2ac-58a47096b187,2026-03-01,2026-03-31,periode,3,0.5,0,2026-05-02 19:32:42.684956+00
8218376f-c6e7-466e-8ac2-b7fcb2c09319,1b7086c6-922a-42b2-95e8-f10cac431ba6,e3f97cb9-fc81-410f-a1a4-0d486638326e,2026-03-01,2026-03-31,periode,1,0.2,0,2026-05-02 19:32:42.684956+00
e70b3346-3974-406c-a074-88118abcf02c,6adfe150-0752-4f5e-90ea-28d25d769b49,0bd18562-61aa-43cc-8484-3310a0822b5e,2026-03-01,2026-03-31,periode,4,0.7,0,2026-05-02 19:32:42.684956+00
6a0a5046-4b19-4bd9-983b-92a7b087794f,6adfe150-0752-4f5e-90ea-28d25d769b49,2967fdd5-ab82-433d-a6c4-1b8113e67a09,2026-03-01,2026-03-31,periode,8,1.5,0,2026-05-02 19:32:42.684956+00
eeeb5083-c4e9-432b-9fe2-2c2d538cea6b,6adfe150-0752-4f5e-90ea-28d25d769b49,3d2412d8-7795-4738-8754-59af09a8f512,2026-03-01,2026-03-31,periode,5,0.9,0,2026-05-02 19:32:42.684956+00
ce23ae64-67ea-473e-847d-13d734c42c58,6adfe150-0752-4f5e-90ea-28d25d769b49,3dd1b7e2-0cba-420f-b95f-11315affd3df,2026-03-01,2026-03-31,periode,1,0.2,0,2026-05-02 19:32:42.684956+00
5e6628ae-e04b-44ae-99c7-211aded022de,6adfe150-0752-4f5e-90ea-28d25d769b49,4739e15d-80c0-41f6-a1c2-78044861b72a,2026-03-01,2026-03-31,periode,45,8.3,0,2026-05-02 19:32:42.684956+00
95ebd0d8-3ce6-4836-91eb-5ba9d1ac9dcf,6adfe150-0752-4f5e-90ea-28d25d769b49,743fb064-83e3-46cd-8429-f51a2f31642b,2026-03-01,2026-03-31,periode,5,0.9,0,2026-05-02 19:32:42.684956+00
2c38474b-6194-440e-bca9-e2e508e504ab,6adfe150-0752-4f5e-90ea-28d25d769b49,8388621a-ed33-4c67-83dc-dbcea84b0f5e,2026-03-01,2026-03-31,periode,20,3.7,0,2026-05-02 19:32:42.684956+00
6148426b-39f0-48be-81bd-191005c87ab6,6adfe150-0752-4f5e-90ea-28d25d769b49,9745e1c7-0b49-4779-9301-7e8449f0e7d7,2026-03-01,2026-03-31,periode,26,4.8,0,2026-05-02 19:32:42.684956+00
658a197c-faf4-4c70-a24a-b9c3250119b3,6adfe150-0752-4f5e-90ea-28d25d769b49,a5682552-3c7e-42b2-bb03-d4d123da52ef,2026-03-01,2026-03-31,periode,4,0.7,0,2026-05-02 19:32:42.684956+00
ca3ffcd3-ca02-4073-8a84-0b25b0ff3263,6adfe150-0752-4f5e-90ea-28d25d769b49,ab85b38e-5fb2-44f0-ade9-d2e0019be123,2026-03-01,2026-03-31,periode,48,8.9,0,2026-05-02 19:32:42.684956+00
ec692a4f-4c21-4e6f-b696-7aebe5272aad,6adfe150-0752-4f5e-90ea-28d25d769b49,b8b8bfd7-3826-4066-8698-0c86fd8d5807,2026-03-01,2026-03-31,periode,28,5.2,0,2026-05-02 19:32:42.684956+00
5e16f142-bdb8-41cf-a559-8c3318252d22,6adfe150-0752-4f5e-90ea-28d25d769b49,c525bc73-3c4c-411e-9949-803416e7d270,2026-03-01,2026-03-31,periode,28,5.2,0,2026-05-02 19:32:42.684956+00
1187485a-87d0-4a73-a124-c894152feeaf,6adfe150-0752-4f5e-90ea-28d25d769b49,d737c6ed-658a-4a1f-b724-043895197726,2026-03-01,2026-03-31,periode,3,0.6,0,2026-05-02 19:32:42.684956+00
078bc733-f74d-438f-b867-5d3ae646bb7c,6adfe150-0752-4f5e-90ea-28d25d769b49,d977d9a5-48fd-415e-b31d-02f6bea0be79,2026-03-01,2026-03-31,periode,4,0.7,0,2026-05-02 19:32:42.684956+00
a728d906-e01c-4e39-b2e4-43e95c4b8ff4,6adfe150-0752-4f5e-90ea-28d25d769b49,e1ea46ac-2422-4bd4-a2ac-58a47096b187,2026-03-01,2026-03-31,periode,3,0.6,1,2026-05-02 19:32:42.684956+00
20894b5e-3374-4cb4-ad2c-2fa08db5043b,6adfe150-0752-4f5e-90ea-28d25d769b49,e3f97cb9-fc81-410f-a1a4-0d486638326e,2026-03-01,2026-03-31,periode,1,0.2,0,2026-05-02 19:32:42.684956+00
dae6fc5f-4080-4ae0-a7dc-aebdad4d75a7,cfb8af80-d40b-46dc-9519-78ba7567cda8,0d087b99-4dd1-4cb0-aea9-568efd0e7374,2026-03-01,2026-03-31,periode,3,0.5,0,2026-05-02 19:32:42.684956+00
f72b6d3d-6d9c-4ddb-9594-ce76a571a371,cfb8af80-d40b-46dc-9519-78ba7567cda8,21ee3aa6-277a-43f1-b80c-4d035170fa25,2026-03-01,2026-03-31,periode,3,0.5,0,2026-05-02 19:32:42.684956+00
12817df1-db7c-4ec2-acf9-b657f1caa35a,cfb8af80-d40b-46dc-9519-78ba7567cda8,2967fdd5-ab82-433d-a6c4-1b8113e67a09,2026-03-01,2026-03-31,periode,3,0.5,0,2026-05-02 19:32:42.684956+00
9fe67b3a-b9c3-48b7-ac47-3c8953311105,cfb8af80-d40b-46dc-9519-78ba7567cda8,3d2412d8-7795-4738-8754-59af09a8f512,2026-03-01,2026-03-31,periode,2,0.3,0,2026-05-02 19:32:42.684956+00
a564e7e4-d129-473b-a3b1-feb8cc7d5c68,cfb8af80-d40b-46dc-9519-78ba7567cda8,3dd1b7e2-0cba-420f-b95f-11315affd3df,2026-03-01,2026-03-31,periode,6,1.0,0,2026-05-02 19:32:42.684956+00
3372e1e7-3e43-4824-af6c-4d1d20e4a325,cfb8af80-d40b-46dc-9519-78ba7567cda8,4739e15d-80c0-41f6-a1c2-78044861b72a,2026-03-01,2026-03-31,periode,23,4.0,1,2026-05-02 19:32:42.684956+00
96b3a445-bd95-455f-b16e-e5318de92f3c,cfb8af80-d40b-46dc-9519-78ba7567cda8,743fb064-83e3-46cd-8429-f51a2f31642b,2026-03-01,2026-03-31,periode,19,3.3,0,2026-05-02 19:32:42.684956+00
bcc72fd8-7aea-4bc4-b66d-373125c0459f,cfb8af80-d40b-46dc-9519-78ba7567cda8,8388621a-ed33-4c67-83dc-dbcea84b0f5e,2026-03-01,2026-03-31,periode,13,2.3,0,2026-05-02 19:32:42.684956+00
eb5b30d5-e971-4548-ae08-cee903835d5b,cfb8af80-d40b-46dc-9519-78ba7567cda8,9745e1c7-0b49-4779-9301-7e8449f0e7d7,2026-03-01,2026-03-31,periode,5,0.9,0,2026-05-02 19:32:42.684956+00
22fc043f-92a3-48e5-a15d-406f85b55481,cfb8af80-d40b-46dc-9519-78ba7567cda8,a5682552-3c7e-42b2-bb03-d4d123da52ef,2026-03-01,2026-03-31,periode,2,0.3,0,2026-05-02 19:32:42.684956+00
d20ee715-e34f-4b88-803e-dce9c3a0ba64,cfb8af80-d40b-46dc-9519-78ba7567cda8,ab85b38e-5fb2-44f0-ade9-d2e0019be123,2026-03-01,2026-03-31,periode,21,3.7,0,2026-05-02 19:32:42.684956+00
eb72feb6-a719-4a81-8a86-5db5e086951c,cfb8af80-d40b-46dc-9519-78ba7567cda8,b8b8bfd7-3826-4066-8698-0c86fd8d5807,2026-03-01,2026-03-31,periode,17,3.0,0,2026-05-02 19:32:42.684956+00
686b6916-95f6-4d7a-adbf-5d77dd11cc5f,cfb8af80-d40b-46dc-9519-78ba7567cda8,c525bc73-3c4c-411e-9949-803416e7d270,2026-03-01,2026-03-31,periode,18,3.1,0,2026-05-02 19:32:42.684956+00
00617090-d5a9-4930-a59a-d1be31efbcb5,cfb8af80-d40b-46dc-9519-78ba7567cda8,d737c6ed-658a-4a1f-b724-043895197726,2026-03-01,2026-03-31,periode,3,0.5,0,2026-05-02 19:32:42.684956+00
2b1e146a-54b4-4125-ad17-cbde72b42d14,cfb8af80-d40b-46dc-9519-78ba7567cda8,d977d9a5-48fd-415e-b31d-02f6bea0be79,2026-03-01,2026-03-31,periode,6,1.0,0,2026-05-02 19:32:42.684956+00
ff6165d9-4fba-4c28-acd5-35dcb95205e9,cfb8af80-d40b-46dc-9519-78ba7567cda8,e1ea46ac-2422-4bd4-a2ac-58a47096b187,2026-03-01,2026-03-31,periode,10,1.7,0,2026-05-02 19:32:42.684956+00
1d7e843f-c3b8-4a09-a2d9-32b4de2bc5bf,cfb8af80-d40b-46dc-9519-78ba7567cda8,e3f97cb9-fc81-410f-a1a4-0d486638326e,2026-03-01,2026-03-31,periode,1,0.2,0,2026-05-02 19:32:42.684956+00
ca583ada-1706-4e2c-b022-b98c409752cc,dc5100ac-b5ad-4705-b3e6-45fb04d1ff64,0bd18562-61aa-43cc-8484-3310a0822b5e,2026-03-01,2026-03-31,periode,18,4.0,1,2026-05-02 19:32:42.684956+00
dea14008-dfcc-4583-b544-139e6a2090b9,dc5100ac-b5ad-4705-b3e6-45fb04d1ff64,0d087b99-4dd1-4cb0-aea9-568efd0e7374,2026-03-01,2026-03-31,periode,17,3.8,0,2026-05-02 19:32:42.684956+00
59f543b8-e7a8-45f0-85b7-787d6e705344,dc5100ac-b5ad-4705-b3e6-45fb04d1ff64,2967fdd5-ab82-433d-a6c4-1b8113e67a09,2026-03-01,2026-03-31,periode,4,0.9,0,2026-05-02 19:32:42.684956+00
161d110d-2ea6-40fd-aac6-ed6e537e0c62,dc5100ac-b5ad-4705-b3e6-45fb04d1ff64,3d2412d8-7795-4738-8754-59af09a8f512,2026-03-01,2026-03-31,periode,15,3.3,0,2026-05-02 19:32:42.684956+00
5afbfe67-df6c-4cf0-aec7-c6a0a570fd24,dc5100ac-b5ad-4705-b3e6-45fb04d1ff64,3dd1b7e2-0cba-420f-b95f-11315affd3df,2026-03-01,2026-03-31,periode,1,0.2,0,2026-05-02 19:32:42.684956+00
2e28daec-f63c-4918-b682-42b8e8dffcc5,dc5100ac-b5ad-4705-b3e6-45fb04d1ff64,4739e15d-80c0-41f6-a1c2-78044861b72a,2026-03-01,2026-03-31,periode,57,12.6,0,2026-05-02 19:32:42.684956+00
221f52c0-3e43-492f-99ac-4cc0eb299a6a,dc5100ac-b5ad-4705-b3e6-45fb04d1ff64,743fb064-83e3-46cd-8429-f51a2f31642b,2026-03-01,2026-03-31,periode,21,4.7,0,2026-05-02 19:32:42.684956+00
c33e3b95-a9ee-493f-8334-b64d3dfed844,dc5100ac-b5ad-4705-b3e6-45fb04d1ff64,7707c6cc-b462-4548-8c1d-23bd4539bb11,2026-03-01,2026-03-31,periode,2,0.4,0,2026-05-02 19:32:42.684956+00
394f9e9d-eb35-4831-aa5c-5722f5cc66b9,dc5100ac-b5ad-4705-b3e6-45fb04d1ff64,8388621a-ed33-4c67-83dc-dbcea84b0f5e,2026-03-01,2026-03-31,periode,5,1.1,0,2026-05-02 19:32:42.684956+00
dcaa0978-4267-47c6-b30e-82e33f3f54fe,dc5100ac-b5ad-4705-b3e6-45fb04d1ff64,9745e1c7-0b49-4779-9301-7e8449f0e7d7,2026-03-01,2026-03-31,periode,8,1.8,0,2026-05-02 19:32:42.684956+00
ca1859b6-b8fb-4d97-adbd-719810d92f04,dc5100ac-b5ad-4705-b3e6-45fb04d1ff64,a5682552-3c7e-42b2-bb03-d4d123da52ef,2026-03-01,2026-03-31,periode,9,2.0,0,2026-05-02 19:32:42.684956+00
a8dfb4f6-0f51-449f-9149-d79056cf40cc,dc5100ac-b5ad-4705-b3e6-45fb04d1ff64,ab85b38e-5fb2-44f0-ade9-d2e0019be123,2026-03-01,2026-03-31,periode,55,12.2,1,2026-05-02 19:32:42.684956+00
8424332e-999e-44e5-b6cd-f30fd73450f3,dc5100ac-b5ad-4705-b3e6-45fb04d1ff64,b8b8bfd7-3826-4066-8698-0c86fd8d5807,2026-03-01,2026-03-31,periode,6,1.3,0,2026-05-02 19:32:42.684956+00
77c3de3e-4313-4131-925f-78ef0f565cda,dc5100ac-b5ad-4705-b3e6-45fb04d1ff64,c525bc73-3c4c-411e-9949-803416e7d270,2026-03-01,2026-03-31,periode,32,7.1,0,2026-05-02 19:32:42.684956+00
3a87ca3e-2fee-4c69-a22a-10c284b4d711,dc5100ac-b5ad-4705-b3e6-45fb04d1ff64,d737c6ed-658a-4a1f-b724-043895197726,2026-03-01,2026-03-31,periode,2,0.4,0,2026-05-02 19:32:42.684956+00
cfcf663e-33e3-4c42-8d48-ea6a0e5668c9,dc5100ac-b5ad-4705-b3e6-45fb04d1ff64,d977d9a5-48fd-415e-b31d-02f6bea0be79,2026-03-01,2026-03-31,periode,8,1.8,0,2026-05-02 19:32:42.684956+00
092188d5-7fa4-4fc0-82eb-3b60324de1d9,dc5100ac-b5ad-4705-b3e6-45fb04d1ff64,e1ea46ac-2422-4bd4-a2ac-58a47096b187,2026-03-01,2026-03-31,periode,1,0.2,0,2026-05-02 19:32:42.684956+00
c2983753-4995-41d6-a031-5bf59d95e85d,dc5100ac-b5ad-4705-b3e6-45fb04d1ff64,e3f97cb9-fc81-410f-a1a4-0d486638326e,2026-03-01,2026-03-31,periode,5,1.1,0,2026-05-02 19:32:42.684956+00
06159e14-8056-424c-9c54-d1a61fa8ff58,05846018-a68b-4415-a429-3afafdb2b6b8,2967fdd5-ab82-433d-a6c4-1b8113e67a09,2026-04-01,2026-04-01,jour,1,0,0,2026-05-03 18:25:41.445906+00
ec64fbf2-e9c5-4b55-88c0-0e6a680ba75d,05846018-a68b-4415-a429-3afafdb2b6b8,743fb064-83e3-46cd-8429-f51a2f31642b,2026-04-01,2026-04-01,jour,3,0,0,2026-05-03 18:25:41.445906+00
31bbbc42-1f1e-4d43-9a71-bc8aa92e0989,05846018-a68b-4415-a429-3afafdb2b6b8,a5682552-3c7e-42b2-bb03-d4d123da52ef,2026-04-01,2026-04-01,jour,1,0,0,2026-05-03 18:25:41.445906+00
ff793748-f531-491a-99f9-1b9d178be59e,05846018-a68b-4415-a429-3afafdb2b6b8,b8b8bfd7-3826-4066-8698-0c86fd8d5807,2026-04-01,2026-04-01,jour,1,0,0,2026-05-03 18:25:41.445906+00
eb9e4107-1c19-4a0c-879d-577d9c05c668,05846018-a68b-4415-a429-3afafdb2b6b8,c525bc73-3c4c-411e-9949-803416e7d270,2026-04-01,2026-04-01,jour,1,0,0,2026-05-03 18:25:41.445906+00
18d464e2-34b1-4453-a76f-1595dcca5a96,05846018-a68b-4415-a429-3afafdb2b6b8,e1ea46ac-2422-4bd4-a2ac-58a47096b187,2026-04-01,2026-04-01,jour,2,1,0,2026-05-03 18:25:41.445906+00
dc3c2f9e-b5eb-41bb-9673-fe47ad192105,129090e2-d446-4424-934a-2f39d73a5954,0d087b99-4dd1-4cb0-aea9-568efd0e7374,2026-04-01,2026-04-01,jour,1,0,0,2026-05-03 18:25:41.445906+00
9f904495-5fe9-4d39-b716-dd92a9e17131,129090e2-d446-4424-934a-2f39d73a5954,743fb064-83e3-46cd-8429-f51a2f31642b,2026-04-01,2026-04-01,jour,2,0,0,2026-05-03 18:25:41.445906+00
4ffcafb0-779d-4af1-b4ab-99bba80f4939,129090e2-d446-4424-934a-2f39d73a5954,8388621a-ed33-4c67-83dc-dbcea84b0f5e,2026-04-01,2026-04-01,jour,1,0,0,2026-05-03 18:25:41.445906+00
88f42559-777f-4189-919b-ec98b0343876,129090e2-d446-4424-934a-2f39d73a5954,9745e1c7-0b49-4779-9301-7e8449f0e7d7,2026-04-01,2026-04-01,jour,1,1,0,2026-05-03 18:25:41.445906+00
f6dfcabc-a0d9-4595-8215-879701153851,129090e2-d446-4424-934a-2f39d73a5954,ab85b38e-5fb2-44f0-ade9-d2e0019be123,2026-04-01,2026-04-01,jour,1,0,0,2026-05-03 18:25:41.445906+00
26ec669b-7bd0-44ac-9872-53ce77fcf72f,129090e2-d446-4424-934a-2f39d73a5954,c525bc73-3c4c-411e-9949-803416e7d270,2026-04-01,2026-04-01,jour,1,0,0,2026-05-03 18:25:41.445906+00
a81c6a2a-7eb4-42d3-b9a1-4b97ef3052d9,1b7086c6-922a-42b2-95e8-f10cac431ba6,3dd1b7e2-0cba-420f-b95f-11315affd3df,2026-04-01,2026-04-01,jour,1,1,0,2026-05-03 18:25:41.445906+00
403fd357-f6b8-4edd-a63c-6fe57a7f7480,1b7086c6-922a-42b2-95e8-f10cac431ba6,8388621a-ed33-4c67-83dc-dbcea84b0f5e,2026-04-01,2026-04-01,jour,1,0,0,2026-05-03 18:25:41.445906+00
1f557bb1-d14e-4f7f-95cc-1ad3b0674b58,1b7086c6-922a-42b2-95e8-f10cac431ba6,ab85b38e-5fb2-44f0-ade9-d2e0019be123,2026-04-01,2026-04-01,jour,1,0,0,2026-05-03 18:25:41.445906+00
425678f1-403d-4bd6-9e67-6046d3264e19,6adfe150-0752-4f5e-90ea-28d25d769b49,4739e15d-80c0-41f6-a1c2-78044861b72a,2026-04-01,2026-04-01,jour,3,0,0,2026-05-03 18:25:41.445906+00
d9390fc5-cb06-44ec-a383-1ad6974b3e94,6adfe150-0752-4f5e-90ea-28d25d769b49,743fb064-83e3-46cd-8429-f51a2f31642b,2026-04-01,2026-04-01,jour,2,1,0,2026-05-03 18:25:41.445906+00
596cff97-d999-459c-8b9e-82933915f41a,6adfe150-0752-4f5e-90ea-28d25d769b49,9745e1c7-0b49-4779-9301-7e8449f0e7d7,2026-04-01,2026-04-01,jour,2,1,0,2026-05-03 18:25:41.445906+00
60c8a9c6-a542-43d7-9dc1-75e4c1020296,6adfe150-0752-4f5e-90ea-28d25d769b49,ab85b38e-5fb2-44f0-ade9-d2e0019be123,2026-04-01,2026-04-01,jour,1,1,0,2026-05-03 18:25:41.445906+00
c18521b6-e2a3-41f4-bd69-b7987baf62dc,6adfe150-0752-4f5e-90ea-28d25d769b49,b8b8bfd7-3826-4066-8698-0c86fd8d5807,2026-04-01,2026-04-01,jour,1,0,0,2026-05-03 18:25:41.445906+00
e66fe028-01f5-4f78-ba40-5710c6e23ccd,6adfe150-0752-4f5e-90ea-28d25d769b49,c525bc73-3c4c-411e-9949-803416e7d270,2026-04-01,2026-04-01,jour,1,1,0,2026-05-03 18:25:41.445906+00
f1b1eeb5-7f8e-418e-9b6b-5d6f9282d8ab,6adfe150-0752-4f5e-90ea-28d25d769b49,e1ea46ac-2422-4bd4-a2ac-58a47096b187,2026-04-01,2026-04-01,jour,1,0,0,2026-05-03 18:25:41.445906+00
5e8e518b-5286-4ffb-a0c0-f02d2c5f911b,cfb8af80-d40b-46dc-9519-78ba7567cda8,3dd1b7e2-0cba-420f-b95f-11315affd3df,2026-04-01,2026-04-01,jour,1,0,0,2026-05-03 18:25:41.445906+00
f57d3a7b-1698-4554-87b4-bec7e264f3b7,cfb8af80-d40b-46dc-9519-78ba7567cda8,4739e15d-80c0-41f6-a1c2-78044861b72a,2026-04-01,2026-04-01,jour,2,0,0,2026-05-03 18:25:41.445906+00
4d73557e-afc9-40ac-8dde-6bb40df31841,cfb8af80-d40b-46dc-9519-78ba7567cda8,743fb064-83e3-46cd-8429-f51a2f31642b,2026-04-01,2026-04-01,jour,1,0,0,2026-05-03 18:25:41.445906+00
32dd98e1-e1ef-470d-85c4-c412ecd0871e,cfb8af80-d40b-46dc-9519-78ba7567cda8,8388621a-ed33-4c67-83dc-dbcea84b0f5e,2026-04-01,2026-04-01,jour,1,0,0,2026-05-03 18:25:41.445906+00
319955cb-5df2-4ed3-b6dc-cf7bcf060504,cfb8af80-d40b-46dc-9519-78ba7567cda8,ab85b38e-5fb2-44f0-ade9-d2e0019be123,2026-04-01,2026-04-01,jour,1,0,0,2026-05-03 18:25:41.445906+00
e137141f-ba50-444d-a1a2-252f3196f0b5,dc5100ac-b5ad-4705-b3e6-45fb04d1ff64,0bd18562-61aa-43cc-8484-3310a0822b5e,2026-04-01,2026-04-01,jour,1,0,0,2026-05-03 18:25:41.445906+00
c7f6d619-d763-4f68-bf84-599c734a41bf,dc5100ac-b5ad-4705-b3e6-45fb04d1ff64,0d087b99-4dd1-4cb0-aea9-568efd0e7374,2026-04-01,2026-04-01,jour,2,0,0,2026-05-03 18:25:41.445906+00
3cb49cc7-1962-4608-8730-10ec646300a2,dc5100ac-b5ad-4705-b3e6-45fb04d1ff64,1b9201a1-9333-4725-8e38-e9297777745b,2026-04-01,2026-04-01,jour,1,1,0,2026-05-03 18:25:41.445906+00
53ed9954-c024-4fd8-8d53-7db06f7663fb,dc5100ac-b5ad-4705-b3e6-45fb04d1ff64,3d2412d8-7795-4738-8754-59af09a8f512,2026-04-01,2026-04-01,jour,2,1,0,2026-05-03 18:25:41.445906+00
599ff7cf-7c86-4b50-b82b-d294b04af9cb,dc5100ac-b5ad-4705-b3e6-45fb04d1ff64,ab85b38e-5fb2-44f0-ade9-d2e0019be123,2026-04-01,2026-04-01,jour,2,0,0,2026-05-03 18:25:41.445906+00
5bda2e22-e38e-406c-be97-8d0cc1a73645,05846018-a68b-4415-a429-3afafdb2b6b8,3dd1b7e2-0cba-420f-b95f-11315affd3df,2026-04-02,2026-04-02,jour,1,0,0,2026-05-03 18:25:41.445906+00
ec2cb8e9-df3d-4bd2-a180-85b7002273a7,05846018-a68b-4415-a429-3afafdb2b6b8,743fb064-83e3-46cd-8429-f51a2f31642b,2026-04-02,2026-04-02,jour,1,0,0,2026-05-03 18:25:41.445906+00
b3316fbf-b81c-4819-97a7-95c5f54b2f18,05846018-a68b-4415-a429-3afafdb2b6b8,8388621a-ed33-4c67-83dc-dbcea84b0f5e,2026-04-02,2026-04-02,jour,1,0,0,2026-05-03 18:25:41.445906+00
aaa1f661-042f-48b9-b4b2-aaac8e12161d,129090e2-d446-4424-934a-2f39d73a5954,2967fdd5-ab82-433d-a6c4-1b8113e67a09,2026-04-02,2026-04-02,jour,1,1,0,2026-05-03 18:25:41.445906+00
bc58ae90-2307-4d1d-b3ee-9a0b607910b1,129090e2-d446-4424-934a-2f39d73a5954,3d2412d8-7795-4738-8754-59af09a8f512,2026-04-02,2026-04-02,jour,1,0,0,2026-05-03 18:25:41.445906+00
8acd2f37-166c-4639-b7af-254e24e795e1,129090e2-d446-4424-934a-2f39d73a5954,3dd1b7e2-0cba-420f-b95f-11315affd3df,2026-04-02,2026-04-02,jour,1,0,0,2026-05-03 18:25:41.445906+00
42467cb2-b0b4-4cbe-b3a8-df706693f90b,129090e2-d446-4424-934a-2f39d73a5954,4739e15d-80c0-41f6-a1c2-78044861b72a,2026-04-02,2026-04-02,jour,3,0,0,2026-05-03 18:25:41.445906+00
8ccb68cf-1f39-4d65-b8a6-1b0db29349ef,129090e2-d446-4424-934a-2f39d73a5954,743fb064-83e3-46cd-8429-f51a2f31642b,2026-04-02,2026-04-02,jour,3,0,0,2026-05-03 18:25:41.445906+00
c5519bfc-aefb-457d-a2e9-6fd940ce2a52,129090e2-d446-4424-934a-2f39d73a5954,ab85b38e-5fb2-44f0-ade9-d2e0019be123,2026-04-02,2026-04-02,jour,1,1,0,2026-05-03 18:25:41.445906+00
7b160723-3dff-4cef-a7a4-f7ecac12024e,129090e2-d446-4424-934a-2f39d73a5954,b8b8bfd7-3826-4066-8698-0c86fd8d5807,2026-04-02,2026-04-02,jour,2,0,0,2026-05-03 18:25:41.445906+00
a45102d1-3581-4804-b4fa-a6a575f8323f,129090e2-d446-4424-934a-2f39d73a5954,c525bc73-3c4c-411e-9949-803416e7d270,2026-04-02,2026-04-02,jour,1,0,0,2026-05-03 18:25:41.445906+00
246df595-308d-483e-97f4-297ffbc9da4f,1b7086c6-922a-42b2-95e8-f10cac431ba6,0d087b99-4dd1-4cb0-aea9-568efd0e7374,2026-04-02,2026-04-02,jour,1,0,0,2026-05-03 18:25:41.445906+00
458bcb0d-64ed-4f87-826c-1eab33cd8b49,1b7086c6-922a-42b2-95e8-f10cac431ba6,3d2412d8-7795-4738-8754-59af09a8f512,2026-04-02,2026-04-02,jour,4,1,0,2026-05-03 18:25:41.445906+00
8d3cae2d-e7ca-4bd4-9606-c3157ae1d5e1,1b7086c6-922a-42b2-95e8-f10cac431ba6,3dd1b7e2-0cba-420f-b95f-11315affd3df,2026-04-02,2026-04-02,jour,1,0,0,2026-05-03 18:25:41.445906+00
3ada0b82-0d74-42c6-9aa3-ca05be2b2126,1b7086c6-922a-42b2-95e8-f10cac431ba6,743fb064-83e3-46cd-8429-f51a2f31642b,2026-04-02,2026-04-02,jour,6,1,0,2026-05-03 18:25:41.445906+00
66facab6-c4e2-4db4-8e15-5e6b02455336,1b7086c6-922a-42b2-95e8-f10cac431ba6,8388621a-ed33-4c67-83dc-dbcea84b0f5e,2026-04-02,2026-04-02,jour,1,0,0,2026-05-03 18:25:41.445906+00
d90b765c-20b2-4d80-a5f8-1ba260ce023d,1b7086c6-922a-42b2-95e8-f10cac431ba6,9745e1c7-0b49-4779-9301-7e8449f0e7d7,2026-04-02,2026-04-02,jour,1,0,0,2026-05-03 18:25:41.445906+00
981194db-13aa-4ebd-bfce-86678a872b17,1b7086c6-922a-42b2-95e8-f10cac431ba6,a5682552-3c7e-42b2-bb03-d4d123da52ef,2026-04-02,2026-04-02,jour,1,0,0,2026-05-03 18:25:41.445906+00
fca8310c-f40e-4163-a0cf-59865355894c,1b7086c6-922a-42b2-95e8-f10cac431ba6,ab85b38e-5fb2-44f0-ade9-d2e0019be123,2026-04-02,2026-04-02,jour,4,0,0,2026-05-03 18:25:41.445906+00
c927fe74-b9d3-4a72-a3eb-e40af52e8488,1b7086c6-922a-42b2-95e8-f10cac431ba6,b8b8bfd7-3826-4066-8698-0c86fd8d5807,2026-04-02,2026-04-02,jour,1,0,0,2026-05-03 18:25:41.445906+00
ef320b7f-f634-4a6b-8d82-8faa0008904d,1b7086c6-922a-42b2-95e8-f10cac431ba6,c525bc73-3c4c-411e-9949-803416e7d270,2026-04-02,2026-04-02,jour,2,0,0,2026-05-03 18:25:41.445906+00
da9e4655-a79a-4215-b393-c9604ece1a1c,6adfe150-0752-4f5e-90ea-28d25d769b49,4739e15d-80c0-41f6-a1c2-78044861b72a,2026-04-02,2026-04-02,jour,2,0,0,2026-05-03 18:25:41.445906+00
e280a5dc-7fa3-4d80-9b30-b86d0a2225be,6adfe150-0752-4f5e-90ea-28d25d769b49,743fb064-83e3-46cd-8429-f51a2f31642b,2026-04-02,2026-04-02,jour,2,0,0,2026-05-03 18:25:41.445906+00
5761e48c-c9f7-4027-8a54-6c686567401f,6adfe150-0752-4f5e-90ea-28d25d769b49,8388621a-ed33-4c67-83dc-dbcea84b0f5e,2026-04-02,2026-04-02,jour,1,0,0,2026-05-03 18:25:41.445906+00
d91bd2fe-62a0-492c-b683-0b8487519d59,6adfe150-0752-4f5e-90ea-28d25d769b49,9745e1c7-0b49-4779-9301-7e8449f0e7d7,2026-04-02,2026-04-02,jour,1,0,0,2026-05-03 18:25:41.445906+00
e4d4491d-ec02-480b-ab7a-effcace2462b,6adfe150-0752-4f5e-90ea-28d25d769b49,b8b8bfd7-3826-4066-8698-0c86fd8d5807,2026-04-02,2026-04-02,jour,1,0,0,2026-05-03 18:25:41.445906+00
dc86a19f-42ed-4784-a14c-1a04f85baf05,6adfe150-0752-4f5e-90ea-28d25d769b49,c525bc73-3c4c-411e-9949-803416e7d270,2026-04-02,2026-04-02,jour,3,1,0,2026-05-03 18:25:41.445906+00
5f2e18a3-b245-4359-81a4-6676fc37305c,cfb8af80-d40b-46dc-9519-78ba7567cda8,2967fdd5-ab82-433d-a6c4-1b8113e67a09,2026-04-02,2026-04-02,jour,1,0,0,2026-05-03 18:25:41.445906+00
5a52b8ef-ee02-4b59-b9d0-b559735be23d,cfb8af80-d40b-46dc-9519-78ba7567cda8,3dd1b7e2-0cba-420f-b95f-11315affd3df,2026-04-02,2026-04-02,jour,1,0,0,2026-05-03 18:25:41.445906+00
3c3dce68-4a6c-4e82-b90b-d11fc7495b87,cfb8af80-d40b-46dc-9519-78ba7567cda8,4739e15d-80c0-41f6-a1c2-78044861b72a,2026-04-02,2026-04-02,jour,1,0,0,2026-05-03 18:25:41.445906+00
141675d2-6583-4fba-b866-ebf0aeb82803,cfb8af80-d40b-46dc-9519-78ba7567cda8,9745e1c7-0b49-4779-9301-7e8449f0e7d7,2026-04-02,2026-04-02,jour,2,1,0,2026-05-03 18:25:41.445906+00
72d3e083-24e6-4e1c-850b-1a2c15aaf163,cfb8af80-d40b-46dc-9519-78ba7567cda8,b8b8bfd7-3826-4066-8698-0c86fd8d5807,2026-04-02,2026-04-02,jour,1,0,0,2026-05-03 18:25:41.445906+00
007880a8-b281-413c-9967-68b9dcb54812,cfb8af80-d40b-46dc-9519-78ba7567cda8,c525bc73-3c4c-411e-9949-803416e7d270,2026-04-02,2026-04-02,jour,2,0,0,2026-05-03 18:25:41.445906+00
b45d0087-7507-402e-ae3a-8d46a97b2103,cfb8af80-d40b-46dc-9519-78ba7567cda8,d977d9a5-48fd-415e-b31d-02f6bea0be79,2026-04-02,2026-04-02,jour,1,0,0,2026-05-03 18:25:41.445906+00
2b9f7af0-d379-4699-a96b-ce10947168a6,dc5100ac-b5ad-4705-b3e6-45fb04d1ff64,0bd18562-61aa-43cc-8484-3310a0822b5e,2026-04-02,2026-04-02,jour,1,0,0,2026-05-03 18:25:41.445906+00
0760f540-e358-4ac8-afe9-24b8a3457294,dc5100ac-b5ad-4705-b3e6-45fb04d1ff64,1b9201a1-9333-4725-8e38-e9297777745b,2026-04-02,2026-04-02,jour,1,1,0,2026-05-03 18:25:41.445906+00
75218a18-4693-43d5-8fa7-f4e962c0434e,dc5100ac-b5ad-4705-b3e6-45fb04d1ff64,4739e15d-80c0-41f6-a1c2-78044861b72a,2026-04-02,2026-04-02,jour,3,1,0,2026-05-03 18:25:41.445906+00
6d2f440a-518b-4f19-a938-147a0dc99ca1,dc5100ac-b5ad-4705-b3e6-45fb04d1ff64,743fb064-83e3-46cd-8429-f51a2f31642b,2026-04-02,2026-04-02,jour,4,0,0,2026-05-03 18:25:41.445906+00
83757d2e-175b-4426-81bd-195d6b068249,dc5100ac-b5ad-4705-b3e6-45fb04d1ff64,8388621a-ed33-4c67-83dc-dbcea84b0f5e,2026-04-02,2026-04-02,jour,2,1,0,2026-05-03 18:25:41.445906+00
3e34d0a6-4b46-45f0-8db2-154c2d07c822,dc5100ac-b5ad-4705-b3e6-45fb04d1ff64,9745e1c7-0b49-4779-9301-7e8449f0e7d7,2026-04-02,2026-04-02,jour,3,1,0,2026-05-03 18:25:41.445906+00
373845f1-3644-433c-b2b3-0e79c1a70f5b,dc5100ac-b5ad-4705-b3e6-45fb04d1ff64,ab85b38e-5fb2-44f0-ade9-d2e0019be123,2026-04-02,2026-04-02,jour,2,0,0,2026-05-03 18:25:41.445906+00
ecb4f177-3cb4-4245-ab01-f7b3b654854e,dc5100ac-b5ad-4705-b3e6-45fb04d1ff64,b8b8bfd7-3826-4066-8698-0c86fd8d5807,2026-04-02,2026-04-02,jour,1,0,0,2026-05-03 18:25:41.445906+00
30dce61c-acf6-4ab0-8125-48bce3cdd784,dc5100ac-b5ad-4705-b3e6-45fb04d1ff64,c525bc73-3c4c-411e-9949-803416e7d270,2026-04-02,2026-04-02,jour,1,0,0,2026-05-03 18:25:41.445906+00
de64bc97-5d73-4c1a-9198-a17f4e610af8,dc5100ac-b5ad-4705-b3e6-45fb04d1ff64,d977d9a5-48fd-415e-b31d-02f6bea0be79,2026-04-02,2026-04-02,jour,1,0,0,2026-05-03 18:25:41.445906+00
a19612df-61b2-418e-a3d9-966dc9578694,05846018-a68b-4415-a429-3afafdb2b6b8,3dd1b7e2-0cba-420f-b95f-11315affd3df,2026-04-03,2026-04-03,jour,1,1,0,2026-05-03 18:25:41.445906+00
0e80340c-08e1-4839-b972-d2a19124bce1,05846018-a68b-4415-a429-3afafdb2b6b8,8388621a-ed33-4c67-83dc-dbcea84b0f5e,2026-04-03,2026-04-03,jour,1,0,0,2026-05-03 18:25:41.445906+00
9a7ff46d-567e-4041-a45d-627afc1b572b,129090e2-d446-4424-934a-2f39d73a5954,3dd1b7e2-0cba-420f-b95f-11315affd3df,2026-04-03,2026-04-03,jour,1,0,0,2026-05-03 18:25:41.445906+00
5ee8117b-2ca2-4cab-a26f-e4a45b6d94c8,129090e2-d446-4424-934a-2f39d73a5954,4739e15d-80c0-41f6-a1c2-78044861b72a,2026-04-03,2026-04-03,jour,1,0,0,2026-05-03 18:25:41.445906+00
71463b27-e2f9-403a-8a11-8bdf5b70eb32,129090e2-d446-4424-934a-2f39d73a5954,743fb064-83e3-46cd-8429-f51a2f31642b,2026-04-03,2026-04-03,jour,3,0,0,2026-05-03 18:25:41.445906+00
93331f3f-a3b7-4a9b-a225-21adf1e5f747,129090e2-d446-4424-934a-2f39d73a5954,c525bc73-3c4c-411e-9949-803416e7d270,2026-04-03,2026-04-03,jour,2,0,0,2026-05-03 18:25:41.445906+00
b8a59432-ee31-42a6-a959-8039c8cacbf8,129090e2-d446-4424-934a-2f39d73a5954,e3f97cb9-fc81-410f-a1a4-0d486638326e,2026-04-03,2026-04-03,jour,1,0,0,2026-05-03 18:25:41.445906+00
996d220a-a146-4dc9-8aaa-185fc3499c64,1b7086c6-922a-42b2-95e8-f10cac431ba6,3d2412d8-7795-4738-8754-59af09a8f512,2026-04-03,2026-04-03,jour,1,0,0,2026-05-03 18:25:41.445906+00
5ee15c91-7ee1-447c-b06c-baf1cf8692b9,1b7086c6-922a-42b2-95e8-f10cac431ba6,3dd1b7e2-0cba-420f-b95f-11315affd3df,2026-04-03,2026-04-03,jour,1,0,0,2026-05-03 18:25:41.445906+00
9d70416d-e780-4648-a300-d72cfe4fc82e,1b7086c6-922a-42b2-95e8-f10cac431ba6,4739e15d-80c0-41f6-a1c2-78044861b72a,2026-04-03,2026-04-03,jour,1,0,0,2026-05-03 18:25:41.445906+00
8d1573f7-9780-4307-bfd2-39ba507de1aa,1b7086c6-922a-42b2-95e8-f10cac431ba6,743fb064-83e3-46cd-8429-f51a2f31642b,2026-04-03,2026-04-03,jour,1,1,0,2026-05-03 18:25:41.445906+00
3ef2e722-faa0-47ca-9281-29aaf2754e17,1b7086c6-922a-42b2-95e8-f10cac431ba6,8388621a-ed33-4c67-83dc-dbcea84b0f5e,2026-04-03,2026-04-03,jour,1,0,0,2026-05-03 18:25:41.445906+00
9de760e3-61e1-44b8-a463-6ef86a8b04dd,1b7086c6-922a-42b2-95e8-f10cac431ba6,9745e1c7-0b49-4779-9301-7e8449f0e7d7,2026-04-03,2026-04-03,jour,2,0,0,2026-05-03 18:25:41.445906+00
c4ae829c-82e9-4ee8-b9a0-32f6d2002250,1b7086c6-922a-42b2-95e8-f10cac431ba6,a5682552-3c7e-42b2-bb03-d4d123da52ef,2026-04-03,2026-04-03,jour,3,0,0,2026-05-03 18:25:41.445906+00
f0e2996f-0e34-417f-b3a3-3075dfa2cf35,1b7086c6-922a-42b2-95e8-f10cac431ba6,c525bc73-3c4c-411e-9949-803416e7d270,2026-04-03,2026-04-03,jour,4,1,0,2026-05-03 18:25:41.445906+00
cc45699e-4f59-4256-a6da-967fd94c120c,6adfe150-0752-4f5e-90ea-28d25d769b49,3d2412d8-7795-4738-8754-59af09a8f512,2026-04-03,2026-04-03,jour,1,0,0,2026-05-03 18:25:41.445906+00
950a6875-686c-4fb2-86db-19510e3e3e4a,6adfe150-0752-4f5e-90ea-28d25d769b49,4739e15d-80c0-41f6-a1c2-78044861b72a,2026-04-03,2026-04-03,jour,2,0,0,2026-05-03 18:25:41.445906+00
6b8e8434-1ed7-4aad-8db0-8c6c6f116cda,6adfe150-0752-4f5e-90ea-28d25d769b49,743fb064-83e3-46cd-8429-f51a2f31642b,2026-04-03,2026-04-03,jour,2,0,0,2026-05-03 18:25:41.445906+00
12634276-0637-4577-9989-bfd2cba9d21b,6adfe150-0752-4f5e-90ea-28d25d769b49,8388621a-ed33-4c67-83dc-dbcea84b0f5e,2026-04-03,2026-04-03,jour,1,0,0,2026-05-03 18:25:41.445906+00
a969371a-0773-4d18-b03a-4c3d2a3d4a3d,6adfe150-0752-4f5e-90ea-28d25d769b49,9745e1c7-0b49-4779-9301-7e8449f0e7d7,2026-04-03,2026-04-03,jour,1,0,0,2026-05-03 18:25:41.445906+00
30cc990f-9972-4da7-ad9f-13e355cd1aa7,6adfe150-0752-4f5e-90ea-28d25d769b49,ab85b38e-5fb2-44f0-ade9-d2e0019be123,2026-04-03,2026-04-03,jour,2,1,0,2026-05-03 18:25:41.445906+00
dee54683-5382-4e61-a3af-3a9638c909ab,6adfe150-0752-4f5e-90ea-28d25d769b49,b8b8bfd7-3826-4066-8698-0c86fd8d5807,2026-04-03,2026-04-03,jour,2,0,0,2026-05-03 18:25:41.445906+00
7c0c18f8-4c2d-4b7a-b27a-bab605e96c95,6adfe150-0752-4f5e-90ea-28d25d769b49,c525bc73-3c4c-411e-9949-803416e7d270,2026-04-03,2026-04-03,jour,1,0,0,2026-05-03 18:25:41.445906+00
25c8dd22-6bab-4db0-a098-6464dd58c3d6,cfb8af80-d40b-46dc-9519-78ba7567cda8,3dd1b7e2-0cba-420f-b95f-11315affd3df,2026-04-03,2026-04-03,jour,2,0,0,2026-05-03 18:25:41.445906+00
69edce36-b97a-44d7-87dc-4c9983ddcdf9,cfb8af80-d40b-46dc-9519-78ba7567cda8,4739e15d-80c0-41f6-a1c2-78044861b72a,2026-04-03,2026-04-03,jour,2,0,0,2026-05-03 18:25:41.445906+00
6c494813-32df-4997-a9ed-09b995906a57,cfb8af80-d40b-46dc-9519-78ba7567cda8,743fb064-83e3-46cd-8429-f51a2f31642b,2026-04-03,2026-04-03,jour,1,0,0,2026-05-03 18:25:41.445906+00
34c57c59-4300-461a-8645-3d9e7b2cbf7a,cfb8af80-d40b-46dc-9519-78ba7567cda8,7707c6cc-b462-4548-8c1d-23bd4539bb11,2026-04-03,2026-04-03,jour,1,0,0,2026-05-03 18:25:41.445906+00
56c68ad1-2afb-4519-93d1-2dc83e9586fa,cfb8af80-d40b-46dc-9519-78ba7567cda8,ab85b38e-5fb2-44f0-ade9-d2e0019be123,2026-04-03,2026-04-03,jour,2,0,0,2026-05-03 18:25:41.445906+00
2e658420-657d-4fd8-98d0-2fc46a77dd7f,cfb8af80-d40b-46dc-9519-78ba7567cda8,b8b8bfd7-3826-4066-8698-0c86fd8d5807,2026-04-03,2026-04-03,jour,1,0,0,2026-05-03 18:25:41.445906+00
80f5e5ef-3d36-47ea-b4ee-bc54a0055aae,cfb8af80-d40b-46dc-9519-78ba7567cda8,c525bc73-3c4c-411e-9949-803416e7d270,2026-04-03,2026-04-03,jour,2,0,0,2026-05-03 18:25:41.445906+00
1aee62b8-a788-42ef-a423-58a371b12da7,dc5100ac-b5ad-4705-b3e6-45fb04d1ff64,3d2412d8-7795-4738-8754-59af09a8f512,2026-04-03,2026-04-03,jour,1,0,0,2026-05-03 18:25:41.445906+00
16fe1f53-6822-42b8-b014-f9481162eb9a,dc5100ac-b5ad-4705-b3e6-45fb04d1ff64,4739e15d-80c0-41f6-a1c2-78044861b72a,2026-04-03,2026-04-03,jour,4,0,0,2026-05-03 18:25:41.445906+00
c53b0b60-87f7-4652-93d3-4c518be7b439,dc5100ac-b5ad-4705-b3e6-45fb04d1ff64,743fb064-83e3-46cd-8429-f51a2f31642b,2026-04-03,2026-04-03,jour,2,0,0,2026-05-03 18:25:41.445906+00
e788b8eb-573a-4e0b-8ac9-0228f4577ba7,dc5100ac-b5ad-4705-b3e6-45fb04d1ff64,ab85b38e-5fb2-44f0-ade9-d2e0019be123,2026-04-03,2026-04-03,jour,6,0,0,2026-05-03 18:25:41.445906+00
e52fb43f-d4ec-47c3-aecb-ee41272a28dd,dc5100ac-b5ad-4705-b3e6-45fb04d1ff64,c525bc73-3c4c-411e-9949-803416e7d270,2026-04-03,2026-04-03,jour,2,0,0,2026-05-03 18:25:41.445906+00
ad91c2e0-aeab-449b-9d23-71aa6fbfa446,dc5100ac-b5ad-4705-b3e6-45fb04d1ff64,d977d9a5-48fd-415e-b31d-02f6bea0be79,2026-04-03,2026-04-03,jour,1,0,0,2026-05-03 18:25:41.445906+00
22dcc676-3433-4af6-a458-4ec8f95924f3,05846018-a68b-4415-a429-3afafdb2b6b8,8388621a-ed33-4c67-83dc-dbcea84b0f5e,2026-04-04,2026-04-04,jour,1,0,0,2026-05-03 18:25:41.445906+00
eb5a426c-bb20-4d90-9ef4-6160de9ea7b3,05846018-a68b-4415-a429-3afafdb2b6b8,b8b8bfd7-3826-4066-8698-0c86fd8d5807,2026-04-04,2026-04-04,jour,1,0,0,2026-05-03 18:25:41.445906+00
863f8851-a2a2-4585-a1f0-9848aa617bc6,129090e2-d446-4424-934a-2f39d73a5954,8388621a-ed33-4c67-83dc-dbcea84b0f5e,2026-04-04,2026-04-04,jour,1,0,0,2026-05-03 18:25:41.445906+00
1a3e2e54-761e-41e0-b19b-e7fe8389f713,129090e2-d446-4424-934a-2f39d73a5954,b8b8bfd7-3826-4066-8698-0c86fd8d5807,2026-04-04,2026-04-04,jour,1,0,0,2026-05-03 18:25:41.445906+00
463ce3c7-b576-4208-ad32-4175cb29f12e,129090e2-d446-4424-934a-2f39d73a5954,d977d9a5-48fd-415e-b31d-02f6bea0be79,2026-04-04,2026-04-04,jour,1,0,0,2026-05-03 18:25:41.445906+00
0213d4fe-3d89-4b5c-89ef-d06d15519bbc,1b7086c6-922a-42b2-95e8-f10cac431ba6,3d2412d8-7795-4738-8754-59af09a8f512,2026-04-04,2026-04-04,jour,1,1,0,2026-05-03 18:25:41.445906+00
e087e30f-1d00-45c9-bc23-8fdb3f97d0cc,1b7086c6-922a-42b2-95e8-f10cac431ba6,4739e15d-80c0-41f6-a1c2-78044861b72a,2026-04-04,2026-04-04,jour,1,0,0,2026-05-03 18:25:41.445906+00
a150df32-a4ea-431f-9b42-e84bd5f78fd6,1b7086c6-922a-42b2-95e8-f10cac431ba6,743fb064-83e3-46cd-8429-f51a2f31642b,2026-04-04,2026-04-04,jour,2,1,1,2026-05-03 18:25:41.445906+00
c46534e6-844a-4356-a239-5be424c01e36,1b7086c6-922a-42b2-95e8-f10cac431ba6,8388621a-ed33-4c67-83dc-dbcea84b0f5e,2026-04-04,2026-04-04,jour,1,0,0,2026-05-03 18:25:41.445906+00
90b4689c-2e19-4aac-af16-f02366cf44cd,1b7086c6-922a-42b2-95e8-f10cac431ba6,c525bc73-3c4c-411e-9949-803416e7d270,2026-04-04,2026-04-04,jour,1,1,0,2026-05-03 18:25:41.445906+00
4571bc8a-c4b6-4519-b07a-4b59aee1da72,cfb8af80-d40b-46dc-9519-78ba7567cda8,1b181444-e6ff-4e16-a738-8dfe9b2d9e45,2026-04-04,2026-04-04,jour,1,1,0,2026-05-03 18:25:41.445906+00
cdb6f1a7-01d2-4782-8046-5cb7438d41d7,cfb8af80-d40b-46dc-9519-78ba7567cda8,3dd1b7e2-0cba-420f-b95f-11315affd3df,2026-04-04,2026-04-04,jour,2,1,0,2026-05-03 18:25:41.445906+00
3449d0c4-91a0-485c-b878-b20e9254098b,cfb8af80-d40b-46dc-9519-78ba7567cda8,4739e15d-80c0-41f6-a1c2-78044861b72a,2026-04-04,2026-04-04,jour,1,0,0,2026-05-03 18:25:41.445906+00
2f0e610a-697e-4dc3-a8fd-d769749c2fb7,cfb8af80-d40b-46dc-9519-78ba7567cda8,743fb064-83e3-46cd-8429-f51a2f31642b,2026-04-04,2026-04-04,jour,1,1,0,2026-05-03 18:25:41.445906+00
462df7ad-9ee6-4607-aea3-e89a961f7c62,cfb8af80-d40b-46dc-9519-78ba7567cda8,8388621a-ed33-4c67-83dc-dbcea84b0f5e,2026-04-04,2026-04-04,jour,1,0,0,2026-05-03 18:25:41.445906+00
d3b0efc7-54ad-4a7f-b424-19c009d1b1e6,cfb8af80-d40b-46dc-9519-78ba7567cda8,9745e1c7-0b49-4779-9301-7e8449f0e7d7,2026-04-04,2026-04-04,jour,2,1,0,2026-05-03 18:25:41.445906+00
b5a2e8eb-9483-4daf-93e4-957631d9f09d,cfb8af80-d40b-46dc-9519-78ba7567cda8,ab85b38e-5fb2-44f0-ade9-d2e0019be123,2026-04-04,2026-04-04,jour,1,0,0,2026-05-03 18:25:41.445906+00
9052252f-6804-4c99-8bce-a56ad7cf4cfc,cfb8af80-d40b-46dc-9519-78ba7567cda8,c525bc73-3c4c-411e-9949-803416e7d270,2026-04-04,2026-04-04,jour,1,0,1,2026-05-03 18:25:41.445906+00
5fa1ef83-1b9d-4390-aad3-b784b888aa0e,dc5100ac-b5ad-4705-b3e6-45fb04d1ff64,0d087b99-4dd1-4cb0-aea9-568efd0e7374,2026-04-04,2026-04-04,jour,1,1,0,2026-05-03 18:25:41.445906+00
85ee0ad1-3c0b-4a68-9f06-95c8749273fc,dc5100ac-b5ad-4705-b3e6-45fb04d1ff64,3d2412d8-7795-4738-8754-59af09a8f512,2026-04-04,2026-04-04,jour,2,0,0,2026-05-03 18:25:41.445906+00
64a90157-d463-485f-920b-0b2f53a7bf92,dc5100ac-b5ad-4705-b3e6-45fb04d1ff64,4739e15d-80c0-41f6-a1c2-78044861b72a,2026-04-04,2026-04-04,jour,3,0,1,2026-05-03 18:25:41.445906+00
5874e657-29fe-40f6-bd42-d2f29a3e4b9d,dc5100ac-b5ad-4705-b3e6-45fb04d1ff64,743fb064-83e3-46cd-8429-f51a2f31642b,2026-04-04,2026-04-04,jour,3,0,0,2026-05-03 18:25:41.445906+00
2873ad2e-d418-4ce1-b125-2c920c70a093,dc5100ac-b5ad-4705-b3e6-45fb04d1ff64,a5682552-3c7e-42b2-bb03-d4d123da52ef,2026-04-04,2026-04-04,jour,1,0,0,2026-05-03 18:25:41.445906+00
ed734461-1f1a-4167-b293-3a09cc209001,dc5100ac-b5ad-4705-b3e6-45fb04d1ff64,ab85b38e-5fb2-44f0-ade9-d2e0019be123,2026-04-04,2026-04-04,jour,1,1,0,2026-05-03 18:25:41.445906+00
4dfdc2ec-dc9d-4c6a-976a-edb996ff10c7,dc5100ac-b5ad-4705-b3e6-45fb04d1ff64,d977d9a5-48fd-415e-b31d-02f6bea0be79,2026-04-04,2026-04-04,jour,1,1,0,2026-05-03 18:25:41.445906+00
f847c56c-456f-4e9d-97e8-34771e21a30c,dc5100ac-b5ad-4705-b3e6-45fb04d1ff64,e1ea46ac-2422-4bd4-a2ac-58a47096b187,2026-04-04,2026-04-04,jour,1,0,0,2026-05-03 18:25:41.445906+00
6e349b2b-6816-4654-925c-50a07eb43644,05846018-a68b-4415-a429-3afafdb2b6b8,743fb064-83e3-46cd-8429-f51a2f31642b,2026-04-06,2026-04-06,jour,1,0,0,2026-05-03 18:25:41.445906+00
becffbfd-2377-4336-a3ec-ba5a9352b445,05846018-a68b-4415-a429-3afafdb2b6b8,8388621a-ed33-4c67-83dc-dbcea84b0f5e,2026-04-06,2026-04-06,jour,1,0,0,2026-05-03 18:25:41.445906+00
6b60f687-6f85-488b-a9b0-5e4e1c55f763,05846018-a68b-4415-a429-3afafdb2b6b8,c525bc73-3c4c-411e-9949-803416e7d270,2026-04-06,2026-04-06,jour,1,0,0,2026-05-03 18:25:41.445906+00
e541bc72-be96-4071-98f0-7b45817d56b1,129090e2-d446-4424-934a-2f39d73a5954,0d087b99-4dd1-4cb0-aea9-568efd0e7374,2026-04-06,2026-04-06,jour,1,0,0,2026-05-03 18:25:41.445906+00
fd5e4fbe-b044-4aaf-8f95-22c69b7f6884,129090e2-d446-4424-934a-2f39d73a5954,2967fdd5-ab82-433d-a6c4-1b8113e67a09,2026-04-06,2026-04-06,jour,1,0,0,2026-05-03 18:25:41.445906+00
fb5dab7b-00f5-4991-b270-dd037f0def69,129090e2-d446-4424-934a-2f39d73a5954,3d2412d8-7795-4738-8754-59af09a8f512,2026-04-06,2026-04-06,jour,1,0,0,2026-05-03 18:25:41.445906+00
74b2d2b8-8a96-4ab1-b6ed-bebde3d6f0fc,129090e2-d446-4424-934a-2f39d73a5954,4739e15d-80c0-41f6-a1c2-78044861b72a,2026-04-06,2026-04-06,jour,3,0,0,2026-05-03 18:25:41.445906+00
db04c2fa-ef42-4a57-b110-59bc4769186e,129090e2-d446-4424-934a-2f39d73a5954,743fb064-83e3-46cd-8429-f51a2f31642b,2026-04-06,2026-04-06,jour,9,0,1,2026-05-03 18:25:41.445906+00
354f69f2-a5eb-4e3d-bfab-d22af23eb9eb,129090e2-d446-4424-934a-2f39d73a5954,8388621a-ed33-4c67-83dc-dbcea84b0f5e,2026-04-06,2026-04-06,jour,2,0,0,2026-05-03 18:25:41.445906+00
8cfd9db4-75b4-4b8e-90f3-d5e305346535,129090e2-d446-4424-934a-2f39d73a5954,9745e1c7-0b49-4779-9301-7e8449f0e7d7,2026-04-06,2026-04-06,jour,1,0,0,2026-05-03 18:25:41.445906+00
4c9be2c8-73a3-4459-b961-7145641891e7,129090e2-d446-4424-934a-2f39d73a5954,b8b8bfd7-3826-4066-8698-0c86fd8d5807,2026-04-06,2026-04-06,jour,1,0,0,2026-05-03 18:25:41.445906+00
1c3c345e-93ff-406c-833c-6d7a66c8769d,129090e2-d446-4424-934a-2f39d73a5954,c525bc73-3c4c-411e-9949-803416e7d270,2026-04-06,2026-04-06,jour,3,1,0,2026-05-03 18:25:41.445906+00
9af4697e-1acd-4bc2-bfe9-e010a1cba162,1b7086c6-922a-42b2-95e8-f10cac431ba6,4739e15d-80c0-41f6-a1c2-78044861b72a,2026-04-06,2026-04-06,jour,3,0,0,2026-05-03 18:25:41.445906+00
5b3769d1-ea69-4c2d-b953-5d0947c7fa8e,1b7086c6-922a-42b2-95e8-f10cac431ba6,743fb064-83e3-46cd-8429-f51a2f31642b,2026-04-06,2026-04-06,jour,3,0,0,2026-05-03 18:25:41.445906+00
b3f1942c-2be5-4dd1-a0e7-0aac68eaef2a,1b7086c6-922a-42b2-95e8-f10cac431ba6,8388621a-ed33-4c67-83dc-dbcea84b0f5e,2026-04-06,2026-04-06,jour,1,0,0,2026-05-03 18:25:41.445906+00
e0c17157-2102-4b26-ab89-4dd538b67ea1,1b7086c6-922a-42b2-95e8-f10cac431ba6,a5682552-3c7e-42b2-bb03-d4d123da52ef,2026-04-06,2026-04-06,jour,2,0,0,2026-05-03 18:25:41.445906+00
d0691c22-3f4a-4dfe-a381-2f5e68797b6f,1b7086c6-922a-42b2-95e8-f10cac431ba6,ab85b38e-5fb2-44f0-ade9-d2e0019be123,2026-04-06,2026-04-06,jour,4,0,0,2026-05-03 18:25:41.445906+00
bc78d925-4f86-422c-8cf3-b8da8165e800,1b7086c6-922a-42b2-95e8-f10cac431ba6,c525bc73-3c4c-411e-9949-803416e7d270,2026-04-06,2026-04-06,jour,4,0,0,2026-05-03 18:25:41.445906+00
3f7e7fac-3f19-4349-8499-449b56344697,6adfe150-0752-4f5e-90ea-28d25d769b49,2967fdd5-ab82-433d-a6c4-1b8113e67a09,2026-04-06,2026-04-06,jour,1,1,0,2026-05-03 18:25:41.445906+00
2f2a73cd-bbab-45c8-805b-94ab4eaf57c1,6adfe150-0752-4f5e-90ea-28d25d769b49,3d2412d8-7795-4738-8754-59af09a8f512,2026-04-06,2026-04-06,jour,1,0,0,2026-05-03 18:25:41.445906+00
fa0349c5-279d-4c09-ad71-03d78bcf5c14,6adfe150-0752-4f5e-90ea-28d25d769b49,3dd1b7e2-0cba-420f-b95f-11315affd3df,2026-04-06,2026-04-06,jour,2,0,0,2026-05-03 18:25:41.445906+00
f4e9bb47-9b0a-411b-854c-6097d089846c,6adfe150-0752-4f5e-90ea-28d25d769b49,4739e15d-80c0-41f6-a1c2-78044861b72a,2026-04-06,2026-04-06,jour,3,0,0,2026-05-03 18:25:41.445906+00
805617fa-874a-43e2-8372-7d7190afc151,6adfe150-0752-4f5e-90ea-28d25d769b49,8388621a-ed33-4c67-83dc-dbcea84b0f5e,2026-04-06,2026-04-06,jour,1,0,0,2026-05-03 18:25:41.445906+00
1742dd48-c603-43bf-808f-b88c21a97ac7,6adfe150-0752-4f5e-90ea-28d25d769b49,9745e1c7-0b49-4779-9301-7e8449f0e7d7,2026-04-06,2026-04-06,jour,1,0,0,2026-05-03 18:25:41.445906+00
4ff6ea33-6650-4a30-9f9c-53e2959d9920,6adfe150-0752-4f5e-90ea-28d25d769b49,b8b8bfd7-3826-4066-8698-0c86fd8d5807,2026-04-06,2026-04-06,jour,3,1,0,2026-05-03 18:25:41.445906+00
08f62b69-f9aa-4c3c-9638-b7b77c307685,6adfe150-0752-4f5e-90ea-28d25d769b49,c525bc73-3c4c-411e-9949-803416e7d270,2026-04-06,2026-04-06,jour,2,1,0,2026-05-03 18:25:41.445906+00
f11cbf78-2e89-4c86-98b3-3a2a4e106f74,6adfe150-0752-4f5e-90ea-28d25d769b49,e1ea46ac-2422-4bd4-a2ac-58a47096b187,2026-04-06,2026-04-06,jour,1,0,0,2026-05-03 18:25:41.445906+00
9ca0ad97-fd0e-4c72-866a-3f9bc1b5e452,cfb8af80-d40b-46dc-9519-78ba7567cda8,4739e15d-80c0-41f6-a1c2-78044861b72a,2026-04-06,2026-04-06,jour,2,0,0,2026-05-03 18:25:41.445906+00
276c9806-529e-4c68-a69e-aeec1e95afbd,cfb8af80-d40b-46dc-9519-78ba7567cda8,743fb064-83e3-46cd-8429-f51a2f31642b,2026-04-06,2026-04-06,jour,2,2,0,2026-05-03 18:25:41.445906+00
651dd940-e7f3-4af9-8c73-d313ee5b5405,cfb8af80-d40b-46dc-9519-78ba7567cda8,ab85b38e-5fb2-44f0-ade9-d2e0019be123,2026-04-06,2026-04-06,jour,1,0,0,2026-05-03 18:25:41.445906+00
8e90de9b-7948-418d-bd88-f8440071aad2,cfb8af80-d40b-46dc-9519-78ba7567cda8,b8b8bfd7-3826-4066-8698-0c86fd8d5807,2026-04-06,2026-04-06,jour,2,0,0,2026-05-03 18:25:41.445906+00
bb567398-e8f4-4a32-a5c7-ffea3ab3eaeb,cfb8af80-d40b-46dc-9519-78ba7567cda8,c525bc73-3c4c-411e-9949-803416e7d270,2026-04-06,2026-04-06,jour,1,0,0,2026-05-03 18:25:41.445906+00
6083890d-0b5d-473d-9319-edc056f0f6c0,cfb8af80-d40b-46dc-9519-78ba7567cda8,d977d9a5-48fd-415e-b31d-02f6bea0be79,2026-04-06,2026-04-06,jour,1,0,0,2026-05-03 18:25:41.445906+00
49b1b7ab-fbd0-4b34-9be8-fc3fca4d54f7,dc5100ac-b5ad-4705-b3e6-45fb04d1ff64,0bd18562-61aa-43cc-8484-3310a0822b5e,2026-04-06,2026-04-06,jour,2,0,1,2026-05-03 18:25:41.445906+00
73667766-c178-4ca6-8ee8-cb5cc51defb1,dc5100ac-b5ad-4705-b3e6-45fb04d1ff64,0d087b99-4dd1-4cb0-aea9-568efd0e7374,2026-04-06,2026-04-06,jour,1,0,0,2026-05-03 18:25:41.445906+00
9794292c-f180-4be6-9575-2895ea1ba0a8,dc5100ac-b5ad-4705-b3e6-45fb04d1ff64,1b181444-e6ff-4e16-a738-8dfe9b2d9e45,2026-04-06,2026-04-06,jour,2,2,0,2026-05-03 18:25:41.445906+00
ec7385f2-3f95-4118-be53-32216d4e2c5d,dc5100ac-b5ad-4705-b3e6-45fb04d1ff64,3d2412d8-7795-4738-8754-59af09a8f512,2026-04-06,2026-04-06,jour,2,1,1,2026-05-03 18:25:41.445906+00
e5a7ef17-9cd3-4513-bca8-d9a717571cc8,dc5100ac-b5ad-4705-b3e6-45fb04d1ff64,4739e15d-80c0-41f6-a1c2-78044861b72a,2026-04-06,2026-04-06,jour,7,1,0,2026-05-03 18:25:41.445906+00
6f0b0c99-0395-493d-995b-75e5801ae007,dc5100ac-b5ad-4705-b3e6-45fb04d1ff64,743fb064-83e3-46cd-8429-f51a2f31642b,2026-04-06,2026-04-06,jour,7,2,0,2026-05-03 18:25:41.445906+00
e068a5a0-16b4-494d-941a-3a5ca69da604,dc5100ac-b5ad-4705-b3e6-45fb04d1ff64,8388621a-ed33-4c67-83dc-dbcea84b0f5e,2026-04-06,2026-04-06,jour,3,0,1,2026-05-03 18:25:41.445906+00
c9e0c8cf-d35b-425a-bfe2-696ec24d5f64,dc5100ac-b5ad-4705-b3e6-45fb04d1ff64,ab85b38e-5fb2-44f0-ade9-d2e0019be123,2026-04-06,2026-04-06,jour,8,3,0,2026-05-03 18:25:41.445906+00
3c91a16c-f1a9-4ec4-b32f-b11de21f7462,dc5100ac-b5ad-4705-b3e6-45fb04d1ff64,b8b8bfd7-3826-4066-8698-0c86fd8d5807,2026-04-06,2026-04-06,jour,2,0,0,2026-05-03 18:25:41.445906+00
635f99a3-55d6-4a5e-9440-a75f11ffb9a9,dc5100ac-b5ad-4705-b3e6-45fb04d1ff64,c525bc73-3c4c-411e-9949-803416e7d270,2026-04-06,2026-04-06,jour,2,1,0,2026-05-03 18:25:41.445906+00
3f5a74e1-5204-4965-9f13-a646a833b163,05846018-a68b-4415-a429-3afafdb2b6b8,c525bc73-3c4c-411e-9949-803416e7d270,2026-04-07,2026-04-07,jour,3,0,2,2026-05-03 18:25:41.445906+00
4ed6526b-da42-4a78-be7c-b4ed1730febc,129090e2-d446-4424-934a-2f39d73a5954,2967fdd5-ab82-433d-a6c4-1b8113e67a09,2026-04-07,2026-04-07,jour,1,0,0,2026-05-03 18:25:41.445906+00
0208be2a-1992-4405-b861-6b7dc3563325,129090e2-d446-4424-934a-2f39d73a5954,3dd1b7e2-0cba-420f-b95f-11315affd3df,2026-04-07,2026-04-07,jour,1,0,0,2026-05-03 18:25:41.445906+00
71f77ac1-b222-4302-808c-a7726e93a92d,129090e2-d446-4424-934a-2f39d73a5954,743fb064-83e3-46cd-8429-f51a2f31642b,2026-04-07,2026-04-07,jour,5,0,0,2026-05-03 18:25:41.445906+00
47220b71-c128-4d6f-b716-f681b8d705f4,129090e2-d446-4424-934a-2f39d73a5954,7707c6cc-b462-4548-8c1d-23bd4539bb11,2026-04-07,2026-04-07,jour,1,0,0,2026-05-03 18:25:41.445906+00
0fdf01c3-c42f-4ccf-905c-41c0d0ac2cc0,129090e2-d446-4424-934a-2f39d73a5954,8388621a-ed33-4c67-83dc-dbcea84b0f5e,2026-04-07,2026-04-07,jour,2,0,0,2026-05-03 18:25:41.445906+00
8eacdf8f-f93c-459f-8b46-5585bed60a23,129090e2-d446-4424-934a-2f39d73a5954,ab85b38e-5fb2-44f0-ade9-d2e0019be123,2026-04-07,2026-04-07,jour,1,0,0,2026-05-03 18:25:41.445906+00
a46e2755-a1e9-4559-bb44-6067c046ff04,129090e2-d446-4424-934a-2f39d73a5954,b8b8bfd7-3826-4066-8698-0c86fd8d5807,2026-04-07,2026-04-07,jour,2,0,0,2026-05-03 18:25:41.445906+00
40d1cabf-73dd-47f1-a844-c5bb5c216f9d,129090e2-d446-4424-934a-2f39d73a5954,c525bc73-3c4c-411e-9949-803416e7d270,2026-04-07,2026-04-07,jour,6,0,0,2026-05-03 18:25:41.445906+00
132e3785-75c9-47e5-91b2-0f3a6cc774c0,129090e2-d446-4424-934a-2f39d73a5954,d977d9a5-48fd-415e-b31d-02f6bea0be79,2026-04-07,2026-04-07,jour,1,0,0,2026-05-03 18:25:41.445906+00
015e7513-aeac-4411-81fc-39d99ef6da86,129090e2-d446-4424-934a-2f39d73a5954,e1ea46ac-2422-4bd4-a2ac-58a47096b187,2026-04-07,2026-04-07,jour,1,0,0,2026-05-03 18:25:41.445906+00
906c012e-9eb6-42a1-b18f-55086d0f65ad,1b7086c6-922a-42b2-95e8-f10cac431ba6,3d2412d8-7795-4738-8754-59af09a8f512,2026-04-07,2026-04-07,jour,2,0,0,2026-05-03 18:25:41.445906+00
4809a02a-0f97-4936-8141-9d08a7038afc,1b7086c6-922a-42b2-95e8-f10cac431ba6,3dd1b7e2-0cba-420f-b95f-11315affd3df,2026-04-07,2026-04-07,jour,3,0,0,2026-05-03 18:25:41.445906+00
b99ca4a7-584b-4550-b889-8b11d626bf8d,1b7086c6-922a-42b2-95e8-f10cac431ba6,4739e15d-80c0-41f6-a1c2-78044861b72a,2026-04-07,2026-04-07,jour,1,0,0,2026-05-03 18:25:41.445906+00
f9c48a61-d949-47b5-a87e-75a6d220dce6,1b7086c6-922a-42b2-95e8-f10cac431ba6,743fb064-83e3-46cd-8429-f51a2f31642b,2026-04-07,2026-04-07,jour,7,1,0,2026-05-03 18:25:41.445906+00
7a08d9f6-8a62-45f3-8f4d-64eafb145e3d,1b7086c6-922a-42b2-95e8-f10cac431ba6,9745e1c7-0b49-4779-9301-7e8449f0e7d7,2026-04-07,2026-04-07,jour,1,0,0,2026-05-03 18:25:41.445906+00
881068b9-e676-410b-ba33-d69ccd374f35,1b7086c6-922a-42b2-95e8-f10cac431ba6,a5682552-3c7e-42b2-bb03-d4d123da52ef,2026-04-07,2026-04-07,jour,1,0,0,2026-05-03 18:25:41.445906+00
4486c8a0-d497-4b67-ad3d-dc3ad2ad60ca,1b7086c6-922a-42b2-95e8-f10cac431ba6,ab85b38e-5fb2-44f0-ade9-d2e0019be123,2026-04-07,2026-04-07,jour,2,0,0,2026-05-03 18:25:41.445906+00
4938595a-4b5b-43a2-9f22-0ceeab3bb01f,1b7086c6-922a-42b2-95e8-f10cac431ba6,c525bc73-3c4c-411e-9949-803416e7d270,2026-04-07,2026-04-07,jour,3,0,0,2026-05-03 18:25:41.445906+00
3aeeb9b8-2056-44dc-bc06-6b480808188e,6adfe150-0752-4f5e-90ea-28d25d769b49,3d2412d8-7795-4738-8754-59af09a8f512,2026-04-07,2026-04-07,jour,1,0,0,2026-05-03 18:25:41.445906+00
31b1b60d-8e64-4d9e-945d-80d450e2984d,6adfe150-0752-4f5e-90ea-28d25d769b49,4739e15d-80c0-41f6-a1c2-78044861b72a,2026-04-07,2026-04-07,jour,4,0,0,2026-05-03 18:25:41.445906+00
b91a93fa-2699-4025-90bb-d0f2988b1193,6adfe150-0752-4f5e-90ea-28d25d769b49,743fb064-83e3-46cd-8429-f51a2f31642b,2026-04-07,2026-04-07,jour,2,0,0,2026-05-03 18:25:41.445906+00
5c7ad3c7-4d35-46ed-b237-928a9a796144,6adfe150-0752-4f5e-90ea-28d25d769b49,9745e1c7-0b49-4779-9301-7e8449f0e7d7,2026-04-07,2026-04-07,jour,1,0,0,2026-05-03 18:25:41.445906+00
2b6ba976-58a3-4f5e-a282-f2ab944d224f,6adfe150-0752-4f5e-90ea-28d25d769b49,ab85b38e-5fb2-44f0-ade9-d2e0019be123,2026-04-07,2026-04-07,jour,1,0,0,2026-05-03 18:25:41.445906+00
eb96e278-c842-4141-afce-8936489c1f4a,6adfe150-0752-4f5e-90ea-28d25d769b49,b8b8bfd7-3826-4066-8698-0c86fd8d5807,2026-04-07,2026-04-07,jour,1,0,0,2026-05-03 18:25:41.445906+00
bd8d372b-8b32-4f13-8e7c-7a298febc080,cfb8af80-d40b-46dc-9519-78ba7567cda8,4739e15d-80c0-41f6-a1c2-78044861b72a,2026-04-07,2026-04-07,jour,3,0,0,2026-05-03 18:25:41.445906+00
df403f65-5f5a-47b2-8e3b-929d63844a22,cfb8af80-d40b-46dc-9519-78ba7567cda8,743fb064-83e3-46cd-8429-f51a2f31642b,2026-04-07,2026-04-07,jour,2,0,0,2026-05-03 18:25:41.445906+00
3368a049-695b-4128-8e63-c86bed8ffc33,cfb8af80-d40b-46dc-9519-78ba7567cda8,c525bc73-3c4c-411e-9949-803416e7d270,2026-04-07,2026-04-07,jour,1,0,0,2026-05-03 18:25:41.445906+00
32c040ac-82f0-4b36-8560-8659c4ae53e3,dc5100ac-b5ad-4705-b3e6-45fb04d1ff64,4739e15d-80c0-41f6-a1c2-78044861b72a,2026-04-07,2026-04-07,jour,1,0,0,2026-05-03 18:25:41.445906+00
124e94cc-db91-450d-94aa-34dbbe1c8c14,dc5100ac-b5ad-4705-b3e6-45fb04d1ff64,743fb064-83e3-46cd-8429-f51a2f31642b,2026-04-07,2026-04-07,jour,13,0,0,2026-05-03 18:25:41.445906+00
3e3fbd16-93af-4072-9a6b-5c4a088613cf,dc5100ac-b5ad-4705-b3e6-45fb04d1ff64,8388621a-ed33-4c67-83dc-dbcea84b0f5e,2026-04-07,2026-04-07,jour,2,1,0,2026-05-03 18:25:41.445906+00
1f09eadc-d772-4598-8861-e6e768add890,dc5100ac-b5ad-4705-b3e6-45fb04d1ff64,ab85b38e-5fb2-44f0-ade9-d2e0019be123,2026-04-07,2026-04-07,jour,4,1,0,2026-05-03 18:25:41.445906+00
a9c35563-5e1d-4cd6-a14e-ae85261c4f6d,dc5100ac-b5ad-4705-b3e6-45fb04d1ff64,c525bc73-3c4c-411e-9949-803416e7d270,2026-04-07,2026-04-07,jour,3,1,0,2026-05-03 18:25:41.445906+00
3a787623-4606-44f3-bf80-1be15d4027e8,dc5100ac-b5ad-4705-b3e6-45fb04d1ff64,e3f97cb9-fc81-410f-a1a4-0d486638326e,2026-04-07,2026-04-07,jour,1,0,0,2026-05-03 18:25:41.445906+00
05c7c25a-3f61-4ec4-a689-9f390fb86ee9,05846018-a68b-4415-a429-3afafdb2b6b8,8388621a-ed33-4c67-83dc-dbcea84b0f5e,2026-04-08,2026-04-08,jour,1,0,0,2026-05-03 18:25:41.445906+00
fca1bf58-1599-48f1-a6f1-e3c5dfdb290d,05846018-a68b-4415-a429-3afafdb2b6b8,c525bc73-3c4c-411e-9949-803416e7d270,2026-04-08,2026-04-08,jour,2,0,0,2026-05-03 18:25:41.445906+00
0782863c-0303-42b9-80ae-d9b0f617e87b,129090e2-d446-4424-934a-2f39d73a5954,2967fdd5-ab82-433d-a6c4-1b8113e67a09,2026-04-08,2026-04-08,jour,2,1,0,2026-05-03 18:25:41.445906+00
c3dbeadc-c37d-49d2-98c9-2c93f574fab6,129090e2-d446-4424-934a-2f39d73a5954,3d2412d8-7795-4738-8754-59af09a8f512,2026-04-08,2026-04-08,jour,2,1,0,2026-05-03 18:25:41.445906+00
c0b8020e-04d0-4da3-bbba-a10cb51cba7a,129090e2-d446-4424-934a-2f39d73a5954,4739e15d-80c0-41f6-a1c2-78044861b72a,2026-04-08,2026-04-08,jour,1,0,0,2026-05-03 18:25:41.445906+00
daa600e2-02b8-4951-9b67-b77e7a5415e1,129090e2-d446-4424-934a-2f39d73a5954,743fb064-83e3-46cd-8429-f51a2f31642b,2026-04-08,2026-04-08,jour,8,1,0,2026-05-03 18:25:41.445906+00
895be136-a68a-4cec-8894-6d0f22fef1a7,129090e2-d446-4424-934a-2f39d73a5954,8388621a-ed33-4c67-83dc-dbcea84b0f5e,2026-04-08,2026-04-08,jour,1,0,0,2026-05-03 18:25:41.445906+00
0ef6f174-1473-4cf1-9e5f-472677d74688,129090e2-d446-4424-934a-2f39d73a5954,c525bc73-3c4c-411e-9949-803416e7d270,2026-04-08,2026-04-08,jour,3,0,0,2026-05-03 18:25:41.445906+00
23fa8762-2d94-448d-bac9-c9c5a063e7e4,1b7086c6-922a-42b2-95e8-f10cac431ba6,0d087b99-4dd1-4cb0-aea9-568efd0e7374,2026-04-08,2026-04-08,jour,1,0,0,2026-05-03 18:25:41.445906+00
c861b426-4a36-4dbe-87cc-339d376692b8,1b7086c6-922a-42b2-95e8-f10cac431ba6,3dd1b7e2-0cba-420f-b95f-11315affd3df,2026-04-08,2026-04-08,jour,3,0,0,2026-05-03 18:25:41.445906+00
5096e0c6-1608-4b31-80ee-73b4d7b68e55,1b7086c6-922a-42b2-95e8-f10cac431ba6,743fb064-83e3-46cd-8429-f51a2f31642b,2026-04-08,2026-04-08,jour,7,0,0,2026-05-03 18:25:41.445906+00
10e0efc0-91eb-4906-b76a-60597de34b58,1b7086c6-922a-42b2-95e8-f10cac431ba6,9745e1c7-0b49-4779-9301-7e8449f0e7d7,2026-04-08,2026-04-08,jour,2,1,0,2026-05-03 18:25:41.445906+00
f770e035-2c42-44df-8bba-e94e8d449ea9,1b7086c6-922a-42b2-95e8-f10cac431ba6,a5682552-3c7e-42b2-bb03-d4d123da52ef,2026-04-08,2026-04-08,jour,1,0,0,2026-05-03 18:25:41.445906+00
2a7305b6-9550-43ed-8b32-26c738964e02,1b7086c6-922a-42b2-95e8-f10cac431ba6,ab85b38e-5fb2-44f0-ade9-d2e0019be123,2026-04-08,2026-04-08,jour,1,0,0,2026-05-03 18:25:41.445906+00
24866d74-451b-4605-a7aa-5e4a5cc19c79,1b7086c6-922a-42b2-95e8-f10cac431ba6,c525bc73-3c4c-411e-9949-803416e7d270,2026-04-08,2026-04-08,jour,2,0,0,2026-05-03 18:25:41.445906+00
e6e5e9bd-64b6-4b74-8c7d-585aeb279e88,6adfe150-0752-4f5e-90ea-28d25d769b49,15467316-9ed2-493e-b06b-2e11094fa96b,2026-04-08,2026-04-08,jour,1,1,0,2026-05-03 18:25:41.445906+00
5c9ce7d0-592d-4b68-8634-2a81d42408d6,6adfe150-0752-4f5e-90ea-28d25d769b49,3dd1b7e2-0cba-420f-b95f-11315affd3df,2026-04-08,2026-04-08,jour,1,0,0,2026-05-03 18:25:41.445906+00
e00f3709-5e7e-48ab-98f3-190967bbf106,6adfe150-0752-4f5e-90ea-28d25d769b49,4739e15d-80c0-41f6-a1c2-78044861b72a,2026-04-08,2026-04-08,jour,6,1,0,2026-05-03 18:25:41.445906+00
7acb699e-56b8-47db-b600-2caac868778e,6adfe150-0752-4f5e-90ea-28d25d769b49,743fb064-83e3-46cd-8429-f51a2f31642b,2026-04-08,2026-04-08,jour,2,0,0,2026-05-03 18:25:41.445906+00
29e2186a-1abf-4ae8-93c4-d8d51b30f105,6adfe150-0752-4f5e-90ea-28d25d769b49,8388621a-ed33-4c67-83dc-dbcea84b0f5e,2026-04-08,2026-04-08,jour,1,0,0,2026-05-03 18:25:41.445906+00
bb832a13-1d69-418e-b4c2-6bbecd850f33,6adfe150-0752-4f5e-90ea-28d25d769b49,9745e1c7-0b49-4779-9301-7e8449f0e7d7,2026-04-08,2026-04-08,jour,2,0,0,2026-05-03 18:25:41.445906+00
588446e7-d326-4e08-8de3-c92854487d43,6adfe150-0752-4f5e-90ea-28d25d769b49,b8b8bfd7-3826-4066-8698-0c86fd8d5807,2026-04-08,2026-04-08,jour,1,0,0,2026-05-03 18:25:41.445906+00
2feaeae1-edc3-4121-b5f2-532e65f69f1f,6adfe150-0752-4f5e-90ea-28d25d769b49,c525bc73-3c4c-411e-9949-803416e7d270,2026-04-08,2026-04-08,jour,4,0,0,2026-05-03 18:25:41.445906+00
ba7e2097-79ca-4455-9f37-a9aed6300443,cfb8af80-d40b-46dc-9519-78ba7567cda8,1b181444-e6ff-4e16-a738-8dfe9b2d9e45,2026-04-08,2026-04-08,jour,1,0,1,2026-05-03 18:25:41.445906+00
3cc59468-c3cf-47d1-b6b6-2d79f5718d30,cfb8af80-d40b-46dc-9519-78ba7567cda8,4739e15d-80c0-41f6-a1c2-78044861b72a,2026-04-08,2026-04-08,jour,1,0,0,2026-05-03 18:25:41.445906+00
8f47da31-4120-4385-9475-c197f3001242,cfb8af80-d40b-46dc-9519-78ba7567cda8,743fb064-83e3-46cd-8429-f51a2f31642b,2026-04-08,2026-04-08,jour,2,0,0,2026-05-03 18:25:41.445906+00
e6aa0814-26fd-4dbf-a055-9bc47bce96f3,cfb8af80-d40b-46dc-9519-78ba7567cda8,b8b8bfd7-3826-4066-8698-0c86fd8d5807,2026-04-08,2026-04-08,jour,1,1,0,2026-05-03 18:25:41.445906+00
bcd0014f-d931-4395-b214-34e8ce157d84,cfb8af80-d40b-46dc-9519-78ba7567cda8,c525bc73-3c4c-411e-9949-803416e7d270,2026-04-08,2026-04-08,jour,4,0,0,2026-05-03 18:25:41.445906+00
f353e8eb-2006-42a3-88a8-2fd843650c00,cfb8af80-d40b-46dc-9519-78ba7567cda8,d977d9a5-48fd-415e-b31d-02f6bea0be79,2026-04-08,2026-04-08,jour,2,1,0,2026-05-03 18:25:41.445906+00
536f903a-c375-4122-b261-5d20f2adc056,dc5100ac-b5ad-4705-b3e6-45fb04d1ff64,15467316-9ed2-493e-b06b-2e11094fa96b,2026-04-08,2026-04-08,jour,3,3,0,2026-05-03 18:25:41.445906+00
696496eb-6720-4aa0-94cb-99c9a0406d06,dc5100ac-b5ad-4705-b3e6-45fb04d1ff64,3d2412d8-7795-4738-8754-59af09a8f512,2026-04-08,2026-04-08,jour,1,0,0,2026-05-03 18:25:41.445906+00
6ebc8c51-5a67-4d00-95e5-2b7ac21b490f,dc5100ac-b5ad-4705-b3e6-45fb04d1ff64,743fb064-83e3-46cd-8429-f51a2f31642b,2026-04-08,2026-04-08,jour,11,0,0,2026-05-03 18:25:41.445906+00
575f3054-7378-4dbd-b397-e6a1ca27b07c,dc5100ac-b5ad-4705-b3e6-45fb04d1ff64,9745e1c7-0b49-4779-9301-7e8449f0e7d7,2026-04-08,2026-04-08,jour,1,0,0,2026-05-03 18:25:41.445906+00
b6fdf6be-ee6c-4113-b897-0b60188d457c,dc5100ac-b5ad-4705-b3e6-45fb04d1ff64,ab85b38e-5fb2-44f0-ade9-d2e0019be123,2026-04-08,2026-04-08,jour,1,0,0,2026-05-03 18:25:41.445906+00
6278986f-5aa6-4b05-a4c6-5db1fbc7e8d9,dc5100ac-b5ad-4705-b3e6-45fb04d1ff64,c525bc73-3c4c-411e-9949-803416e7d270,2026-04-08,2026-04-08,jour,5,0,0,2026-05-03 18:25:41.445906+00
1456025d-fff4-4ed0-9333-7e30762b04f2,129090e2-d446-4424-934a-2f39d73a5954,15467316-9ed2-493e-b06b-2e11094fa96b,2026-04-09,2026-04-09,jour,1,1,0,2026-05-03 18:25:41.445906+00
e57cd933-d3d7-4904-9936-efc1f363779f,129090e2-d446-4424-934a-2f39d73a5954,743fb064-83e3-46cd-8429-f51a2f31642b,2026-04-09,2026-04-09,jour,7,0,0,2026-05-03 18:25:41.445906+00
9ed14e95-122c-4c76-b14c-7da9721c11f3,129090e2-d446-4424-934a-2f39d73a5954,ab85b38e-5fb2-44f0-ade9-d2e0019be123,2026-04-09,2026-04-09,jour,1,0,0,2026-05-03 18:25:41.445906+00
b407f451-e7f7-4c91-9e01-841a5c8b27ad,129090e2-d446-4424-934a-2f39d73a5954,c525bc73-3c4c-411e-9949-803416e7d270,2026-04-09,2026-04-09,jour,5,2,0,2026-05-03 18:25:41.445906+00
c7f57ecb-5707-4330-9cac-123b9f2a7c26,129090e2-d446-4424-934a-2f39d73a5954,d977d9a5-48fd-415e-b31d-02f6bea0be79,2026-04-09,2026-04-09,jour,1,0,0,2026-05-03 18:25:41.445906+00
af07eb8b-d561-4f9b-8b1a-49c04953fd0f,1b7086c6-922a-42b2-95e8-f10cac431ba6,15467316-9ed2-493e-b06b-2e11094fa96b,2026-04-09,2026-04-09,jour,1,1,0,2026-05-03 18:25:41.445906+00
4a8f1abd-fd6c-499a-ad63-432db1d84f00,1b7086c6-922a-42b2-95e8-f10cac431ba6,3d2412d8-7795-4738-8754-59af09a8f512,2026-04-09,2026-04-09,jour,2,0,0,2026-05-03 18:25:41.445906+00
f3cbd51b-3632-4e87-93e3-4fbfbdd41dbd,1b7086c6-922a-42b2-95e8-f10cac431ba6,4739e15d-80c0-41f6-a1c2-78044861b72a,2026-04-09,2026-04-09,jour,2,0,0,2026-05-03 18:25:41.445906+00
38014f69-6805-4506-8844-cf3c4a550c95,1b7086c6-922a-42b2-95e8-f10cac431ba6,743fb064-83e3-46cd-8429-f51a2f31642b,2026-04-09,2026-04-09,jour,7,0,0,2026-05-03 18:25:41.445906+00
52be501e-03a4-443e-b1d9-1e18ae366abf,1b7086c6-922a-42b2-95e8-f10cac431ba6,9745e1c7-0b49-4779-9301-7e8449f0e7d7,2026-04-09,2026-04-09,jour,1,0,0,2026-05-03 18:25:41.445906+00
bf085fc4-4f9c-4727-8b0c-879a5b37be2c,1b7086c6-922a-42b2-95e8-f10cac431ba6,ab85b38e-5fb2-44f0-ade9-d2e0019be123,2026-04-09,2026-04-09,jour,2,0,0,2026-05-03 18:25:41.445906+00
39419e20-ba11-4acd-b843-e41651aba01d,1b7086c6-922a-42b2-95e8-f10cac431ba6,c525bc73-3c4c-411e-9949-803416e7d270,2026-04-09,2026-04-09,jour,4,0,0,2026-05-03 18:25:41.445906+00
9c18239c-9ba5-48d0-9864-426499ba21fb,1b7086c6-922a-42b2-95e8-f10cac431ba6,e3f97cb9-fc81-410f-a1a4-0d486638326e,2026-04-09,2026-04-09,jour,1,0,0,2026-05-03 18:25:41.445906+00
b1337468-beb5-4574-8f10-896c7831c5fd,6adfe150-0752-4f5e-90ea-28d25d769b49,1b181444-e6ff-4e16-a738-8dfe9b2d9e45,2026-04-09,2026-04-09,jour,2,1,0,2026-05-03 18:25:41.445906+00
84bd8a91-7d3d-4398-a356-f6a044dcd4b6,6adfe150-0752-4f5e-90ea-28d25d769b49,4739e15d-80c0-41f6-a1c2-78044861b72a,2026-04-09,2026-04-09,jour,2,0,0,2026-05-03 18:25:41.445906+00
eb9d96cc-447a-4427-92fa-961467f464ca,6adfe150-0752-4f5e-90ea-28d25d769b49,743fb064-83e3-46cd-8429-f51a2f31642b,2026-04-09,2026-04-09,jour,3,0,0,2026-05-03 18:25:41.445906+00
12cb8ed6-c42f-4920-a3b4-ba8bf71c44ba,6adfe150-0752-4f5e-90ea-28d25d769b49,8388621a-ed33-4c67-83dc-dbcea84b0f5e,2026-04-09,2026-04-09,jour,1,0,0,2026-05-03 18:25:41.445906+00
d55a0393-4304-460c-aaa7-6112fcc9310e,6adfe150-0752-4f5e-90ea-28d25d769b49,9745e1c7-0b49-4779-9301-7e8449f0e7d7,2026-04-09,2026-04-09,jour,3,1,0,2026-05-03 18:25:41.445906+00
9090a506-cabc-4f11-bd6d-201128782c8a,6adfe150-0752-4f5e-90ea-28d25d769b49,ab85b38e-5fb2-44f0-ade9-d2e0019be123,2026-04-09,2026-04-09,jour,1,1,0,2026-05-03 18:25:41.445906+00
0873dcbb-fe8e-4d95-9ab5-2b2b6e781846,6adfe150-0752-4f5e-90ea-28d25d769b49,b8b8bfd7-3826-4066-8698-0c86fd8d5807,2026-04-09,2026-04-09,jour,1,0,0,2026-05-03 18:25:41.445906+00
035a9c91-5695-4902-8355-3b7c4191cd6d,6adfe150-0752-4f5e-90ea-28d25d769b49,c525bc73-3c4c-411e-9949-803416e7d270,2026-04-09,2026-04-09,jour,8,1,0,2026-05-03 18:25:41.445906+00
9967b3bb-9ccd-45de-b07c-2079143fc904,cfb8af80-d40b-46dc-9519-78ba7567cda8,2967fdd5-ab82-433d-a6c4-1b8113e67a09,2026-04-09,2026-04-09,jour,1,0,0,2026-05-03 18:25:41.445906+00
91a6cc1e-7b9b-4a30-a7a6-33754c21c8fd,cfb8af80-d40b-46dc-9519-78ba7567cda8,4739e15d-80c0-41f6-a1c2-78044861b72a,2026-04-09,2026-04-09,jour,1,0,0,2026-05-03 18:25:41.445906+00
215fee57-71f8-4e2d-b6d9-a6268e538e14,cfb8af80-d40b-46dc-9519-78ba7567cda8,743fb064-83e3-46cd-8429-f51a2f31642b,2026-04-09,2026-04-09,jour,4,0,0,2026-05-03 18:25:41.445906+00
35e68aae-5eb8-4e81-8d5b-8e9bd6fafab8,cfb8af80-d40b-46dc-9519-78ba7567cda8,b8b8bfd7-3826-4066-8698-0c86fd8d5807,2026-04-09,2026-04-09,jour,1,0,0,2026-05-03 18:25:41.445906+00
cfa05364-3d2d-4310-8171-b0b1e6f6c6f6,cfb8af80-d40b-46dc-9519-78ba7567cda8,c525bc73-3c4c-411e-9949-803416e7d270,2026-04-09,2026-04-09,jour,2,1,0,2026-05-03 18:25:41.445906+00
6fe4b6ee-b820-4c1c-a20d-1db1757bbca8,cfb8af80-d40b-46dc-9519-78ba7567cda8,d737c6ed-658a-4a1f-b724-043895197726,2026-04-09,2026-04-09,jour,1,0,0,2026-05-03 18:25:41.445906+00
a4f17d38-0b0d-40da-aa2e-d5a914b43f3c,cfb8af80-d40b-46dc-9519-78ba7567cda8,d977d9a5-48fd-415e-b31d-02f6bea0be79,2026-04-09,2026-04-09,jour,1,0,0,2026-05-03 18:25:41.445906+00
88651fe9-ba6f-46b5-bfa1-6b5af733a9ad,dc5100ac-b5ad-4705-b3e6-45fb04d1ff64,0bd18562-61aa-43cc-8484-3310a0822b5e,2026-04-09,2026-04-09,jour,1,0,0,2026-05-03 18:25:41.445906+00
163a228d-1235-4dbd-ad76-f9081acb2000,dc5100ac-b5ad-4705-b3e6-45fb04d1ff64,0d087b99-4dd1-4cb0-aea9-568efd0e7374,2026-04-09,2026-04-09,jour,1,0,0,2026-05-03 18:25:41.445906+00
24be0c48-020a-476a-a629-21d4477a40cb,dc5100ac-b5ad-4705-b3e6-45fb04d1ff64,15467316-9ed2-493e-b06b-2e11094fa96b,2026-04-09,2026-04-09,jour,2,2,0,2026-05-03 18:25:41.445906+00
d82dfa90-4c8c-4c91-add7-773677b02edf,dc5100ac-b5ad-4705-b3e6-45fb04d1ff64,4739e15d-80c0-41f6-a1c2-78044861b72a,2026-04-09,2026-04-09,jour,2,0,0,2026-05-03 18:25:41.445906+00
5935f97e-36ed-4684-baf1-59306dcfdf34,dc5100ac-b5ad-4705-b3e6-45fb04d1ff64,743fb064-83e3-46cd-8429-f51a2f31642b,2026-04-09,2026-04-09,jour,9,1,0,2026-05-03 18:25:41.445906+00
6bd159b4-58de-4d39-8292-1dd06e0ac547,dc5100ac-b5ad-4705-b3e6-45fb04d1ff64,ab85b38e-5fb2-44f0-ade9-d2e0019be123,2026-04-09,2026-04-09,jour,2,1,0,2026-05-03 18:25:41.445906+00
d6fa109d-b362-424c-9a3a-504135c5ea2d,dc5100ac-b5ad-4705-b3e6-45fb04d1ff64,c525bc73-3c4c-411e-9949-803416e7d270,2026-04-09,2026-04-09,jour,8,1,0,2026-05-03 18:25:41.445906+00
9dff5a92-4800-46c8-8e45-9a6e33f95a9f,05846018-a68b-4415-a429-3afafdb2b6b8,c525bc73-3c4c-411e-9949-803416e7d270,2026-04-10,2026-04-10,jour,2,0,0,2026-05-03 18:25:41.445906+00
37ef32d2-a59c-4aaf-bfa5-c4bd9b7e5104,129090e2-d446-4424-934a-2f39d73a5954,3dd1b7e2-0cba-420f-b95f-11315affd3df,2026-04-10,2026-04-10,jour,1,0,0,2026-05-03 18:25:41.445906+00
3ef60e06-2558-4bb8-858a-44700050e03c,129090e2-d446-4424-934a-2f39d73a5954,4739e15d-80c0-41f6-a1c2-78044861b72a,2026-04-10,2026-04-10,jour,2,0,0,2026-05-03 18:25:41.445906+00
80a89030-2c44-41d6-a850-08e598455615,129090e2-d446-4424-934a-2f39d73a5954,743fb064-83e3-46cd-8429-f51a2f31642b,2026-04-10,2026-04-10,jour,3,0,0,2026-05-03 18:25:41.445906+00
e105175f-ce85-47a0-a9b2-fd85f7467ad1,129090e2-d446-4424-934a-2f39d73a5954,9745e1c7-0b49-4779-9301-7e8449f0e7d7,2026-04-10,2026-04-10,jour,1,0,0,2026-05-03 18:25:41.445906+00
64721fc9-ab7c-4016-b5d1-b22a0211987f,129090e2-d446-4424-934a-2f39d73a5954,c525bc73-3c4c-411e-9949-803416e7d270,2026-04-10,2026-04-10,jour,2,2,0,2026-05-03 18:25:41.445906+00
42ad703a-a38f-442c-8eaa-33da4e461531,1b7086c6-922a-42b2-95e8-f10cac431ba6,15467316-9ed2-493e-b06b-2e11094fa96b,2026-04-10,2026-04-10,jour,1,1,0,2026-05-03 18:25:41.445906+00
4736aa88-761f-4f2e-95cb-72dd5b2c581b,1b7086c6-922a-42b2-95e8-f10cac431ba6,4739e15d-80c0-41f6-a1c2-78044861b72a,2026-04-10,2026-04-10,jour,1,0,0,2026-05-03 18:25:41.445906+00
93306773-6f84-43e7-a450-88e6fc4dda26,1b7086c6-922a-42b2-95e8-f10cac431ba6,743fb064-83e3-46cd-8429-f51a2f31642b,2026-04-10,2026-04-10,jour,1,0,0,2026-05-03 18:25:41.445906+00
7762b19e-1fd9-4b98-b1e2-af2b1b4c5dd8,1b7086c6-922a-42b2-95e8-f10cac431ba6,9745e1c7-0b49-4779-9301-7e8449f0e7d7,2026-04-10,2026-04-10,jour,1,1,0,2026-05-03 18:25:41.445906+00
c3e78900-aa19-42ee-8f34-d06735a7836b,6adfe150-0752-4f5e-90ea-28d25d769b49,15467316-9ed2-493e-b06b-2e11094fa96b,2026-04-10,2026-04-10,jour,2,0,0,2026-05-03 18:25:41.445906+00
c0c0fcca-c487-4dcb-b407-b838c4a6e27c,6adfe150-0752-4f5e-90ea-28d25d769b49,743fb064-83e3-46cd-8429-f51a2f31642b,2026-04-10,2026-04-10,jour,2,0,0,2026-05-03 18:25:41.445906+00
ca32d8cf-5daa-444b-a9ac-3634787424ae,6adfe150-0752-4f5e-90ea-28d25d769b49,7707c6cc-b462-4548-8c1d-23bd4539bb11,2026-04-10,2026-04-10,jour,1,1,0,2026-05-03 18:25:41.445906+00
3c9cee62-ca35-42b6-8eb7-0f93601a7749,6adfe150-0752-4f5e-90ea-28d25d769b49,8388621a-ed33-4c67-83dc-dbcea84b0f5e,2026-04-10,2026-04-10,jour,1,0,0,2026-05-03 18:25:41.445906+00
10e99c01-d9c4-497b-b5d7-caf1b22b3ad6,6adfe150-0752-4f5e-90ea-28d25d769b49,ab85b38e-5fb2-44f0-ade9-d2e0019be123,2026-04-10,2026-04-10,jour,1,0,0,2026-05-03 18:25:41.445906+00
5a0370ee-b1f6-475a-9535-fbe5e264e0a7,6adfe150-0752-4f5e-90ea-28d25d769b49,b8b8bfd7-3826-4066-8698-0c86fd8d5807,2026-04-10,2026-04-10,jour,3,1,0,2026-05-03 18:25:41.445906+00
4bba9b84-50a2-4e57-90b8-afe706471259,6adfe150-0752-4f5e-90ea-28d25d769b49,c525bc73-3c4c-411e-9949-803416e7d270,2026-04-10,2026-04-10,jour,2,0,0,2026-05-03 18:25:41.445906+00
9e036f8d-0f19-4665-9c99-b4c822894816,cfb8af80-d40b-46dc-9519-78ba7567cda8,15467316-9ed2-493e-b06b-2e11094fa96b,2026-04-10,2026-04-10,jour,2,1,0,2026-05-03 18:25:41.445906+00
d853109d-3902-4331-8789-1979af6cf982,cfb8af80-d40b-46dc-9519-78ba7567cda8,3d2412d8-7795-4738-8754-59af09a8f512,2026-04-10,2026-04-10,jour,1,0,0,2026-05-03 18:25:41.445906+00
30bdb9ff-45bc-44c9-bede-661607296fb4,cfb8af80-d40b-46dc-9519-78ba7567cda8,743fb064-83e3-46cd-8429-f51a2f31642b,2026-04-10,2026-04-10,jour,5,1,0,2026-05-03 18:25:41.445906+00
d1536ed5-12b5-4068-97f5-14183cd0dcc8,cfb8af80-d40b-46dc-9519-78ba7567cda8,ab85b38e-5fb2-44f0-ade9-d2e0019be123,2026-04-10,2026-04-10,jour,1,0,0,2026-05-03 18:25:41.445906+00
858a8e25-aa45-4f6e-a75c-0da8cdfc8779,cfb8af80-d40b-46dc-9519-78ba7567cda8,c525bc73-3c4c-411e-9949-803416e7d270,2026-04-10,2026-04-10,jour,4,0,0,2026-05-03 18:25:41.445906+00
1b51d6f9-4a08-436c-a56c-6d22fc3acdc0,dc5100ac-b5ad-4705-b3e6-45fb04d1ff64,15467316-9ed2-493e-b06b-2e11094fa96b,2026-04-10,2026-04-10,jour,3,1,0,2026-05-03 18:25:41.445906+00
a2f9d57d-c66e-4d85-aa12-4046e362f7f3,dc5100ac-b5ad-4705-b3e6-45fb04d1ff64,4739e15d-80c0-41f6-a1c2-78044861b72a,2026-04-10,2026-04-10,jour,1,0,0,2026-05-03 18:25:41.445906+00
83a3a5da-b234-4a9a-896b-af7b70e9b184,dc5100ac-b5ad-4705-b3e6-45fb04d1ff64,743fb064-83e3-46cd-8429-f51a2f31642b,2026-04-10,2026-04-10,jour,14,2,0,2026-05-03 18:25:41.445906+00
64400d51-97cf-487e-a82a-de165d90e439,dc5100ac-b5ad-4705-b3e6-45fb04d1ff64,8388621a-ed33-4c67-83dc-dbcea84b0f5e,2026-04-10,2026-04-10,jour,2,0,0,2026-05-03 18:25:41.445906+00
f3fbc0bd-8a2b-4a81-84b3-cad5a7083877,dc5100ac-b5ad-4705-b3e6-45fb04d1ff64,c525bc73-3c4c-411e-9949-803416e7d270,2026-04-10,2026-04-10,jour,5,0,0,2026-05-03 18:25:41.445906+00
2e516a77-f5d7-45ea-83a0-9afc2a969926,05846018-a68b-4415-a429-3afafdb2b6b8,15467316-9ed2-493e-b06b-2e11094fa96b,2026-04-11,2026-04-11,jour,3,0,1,2026-05-03 18:25:41.445906+00
b35afc49-3dae-43a0-a92b-8b157c6d6696,05846018-a68b-4415-a429-3afafdb2b6b8,743fb064-83e3-46cd-8429-f51a2f31642b,2026-04-11,2026-04-11,jour,2,0,0,2026-05-03 18:25:41.445906+00
d3d204ed-664e-4835-868c-5db8cbd4972d,05846018-a68b-4415-a429-3afafdb2b6b8,c525bc73-3c4c-411e-9949-803416e7d270,2026-04-11,2026-04-11,jour,1,0,0,2026-05-03 18:25:41.445906+00
a9f5bb72-d713-40e3-bb13-eeaca364124b,129090e2-d446-4424-934a-2f39d73a5954,15467316-9ed2-493e-b06b-2e11094fa96b,2026-04-11,2026-04-11,jour,1,0,0,2026-05-03 18:25:41.445906+00
dfb84bb9-bfa6-4067-adc4-eef963b33cc8,129090e2-d446-4424-934a-2f39d73a5954,4739e15d-80c0-41f6-a1c2-78044861b72a,2026-04-11,2026-04-11,jour,1,0,0,2026-05-03 18:25:41.445906+00
5a3de98d-171e-4c36-8dc9-686c3a504994,129090e2-d446-4424-934a-2f39d73a5954,743fb064-83e3-46cd-8429-f51a2f31642b,2026-04-11,2026-04-11,jour,4,1,0,2026-05-03 18:25:41.445906+00
62515d13-392b-4f1a-8660-2b0abc72c12f,129090e2-d446-4424-934a-2f39d73a5954,8388621a-ed33-4c67-83dc-dbcea84b0f5e,2026-04-11,2026-04-11,jour,2,0,0,2026-05-03 18:25:41.445906+00
aeda54c4-3bfc-4cfb-9d24-42d04ed30a3e,129090e2-d446-4424-934a-2f39d73a5954,c525bc73-3c4c-411e-9949-803416e7d270,2026-04-11,2026-04-11,jour,2,1,0,2026-05-03 18:25:41.445906+00
b1a69c21-407b-4b3e-8573-517246831756,1b7086c6-922a-42b2-95e8-f10cac431ba6,15467316-9ed2-493e-b06b-2e11094fa96b,2026-04-11,2026-04-11,jour,1,0,0,2026-05-03 18:25:41.445906+00
cf511d75-2464-455d-acbc-e700cc0419c6,1b7086c6-922a-42b2-95e8-f10cac431ba6,4739e15d-80c0-41f6-a1c2-78044861b72a,2026-04-11,2026-04-11,jour,2,1,0,2026-05-03 18:25:41.445906+00
5914662b-f6f0-4fcf-a754-f6128f27724c,1b7086c6-922a-42b2-95e8-f10cac431ba6,743fb064-83e3-46cd-8429-f51a2f31642b,2026-04-11,2026-04-11,jour,7,3,0,2026-05-03 18:25:41.445906+00
1364f64e-6632-4ed6-81e8-bb3e4914ad01,1b7086c6-922a-42b2-95e8-f10cac431ba6,a5682552-3c7e-42b2-bb03-d4d123da52ef,2026-04-11,2026-04-11,jour,1,0,0,2026-05-03 18:25:41.445906+00
0ad9b598-0d27-4b9c-a112-fc6d82db7007,1b7086c6-922a-42b2-95e8-f10cac431ba6,c525bc73-3c4c-411e-9949-803416e7d270,2026-04-11,2026-04-11,jour,2,1,0,2026-05-03 18:25:41.445906+00
ea096c43-549f-454d-9d4b-fa3290e9a58b,6adfe150-0752-4f5e-90ea-28d25d769b49,15467316-9ed2-493e-b06b-2e11094fa96b,2026-04-11,2026-04-11,jour,4,1,0,2026-05-03 18:25:41.445906+00
9a0ce3f5-4345-478d-862b-dee66eb3eaa0,6adfe150-0752-4f5e-90ea-28d25d769b49,3d2412d8-7795-4738-8754-59af09a8f512,2026-04-11,2026-04-11,jour,1,0,0,2026-05-03 18:25:41.445906+00
12f2fff4-1b37-405e-87be-17e9314f45ec,6adfe150-0752-4f5e-90ea-28d25d769b49,4739e15d-80c0-41f6-a1c2-78044861b72a,2026-04-11,2026-04-11,jour,2,1,0,2026-05-03 18:25:41.445906+00
a024cc55-fdf8-44e9-90d1-f9d29145d91b,6adfe150-0752-4f5e-90ea-28d25d769b49,743fb064-83e3-46cd-8429-f51a2f31642b,2026-04-11,2026-04-11,jour,1,0,0,2026-05-03 18:25:41.445906+00
27d1f80d-a293-4c09-b64a-7a51c026cd9d,6adfe150-0752-4f5e-90ea-28d25d769b49,8388621a-ed33-4c67-83dc-dbcea84b0f5e,2026-04-11,2026-04-11,jour,1,0,0,2026-05-03 18:25:41.445906+00
d0fef059-f52b-4358-af58-03954e3db5d5,6adfe150-0752-4f5e-90ea-28d25d769b49,c525bc73-3c4c-411e-9949-803416e7d270,2026-04-11,2026-04-11,jour,2,0,0,2026-05-03 18:25:41.445906+00
6b3a1d3c-b2a9-4a11-af66-80ae49933a3b,cfb8af80-d40b-46dc-9519-78ba7567cda8,4739e15d-80c0-41f6-a1c2-78044861b72a,2026-04-11,2026-04-11,jour,4,0,0,2026-05-03 18:25:41.445906+00
dd2f920b-207c-431f-bc1a-1a66c9738cca,cfb8af80-d40b-46dc-9519-78ba7567cda8,743fb064-83e3-46cd-8429-f51a2f31642b,2026-04-11,2026-04-11,jour,3,1,0,2026-05-03 18:25:41.445906+00
27ba86bc-153b-4fbe-ba48-aede3a635aae,cfb8af80-d40b-46dc-9519-78ba7567cda8,ab85b38e-5fb2-44f0-ade9-d2e0019be123,2026-04-11,2026-04-11,jour,2,0,0,2026-05-03 18:25:41.445906+00
1fe17cbd-eabf-45e0-bfe5-53ec9e6eee0c,cfb8af80-d40b-46dc-9519-78ba7567cda8,c525bc73-3c4c-411e-9949-803416e7d270,2026-04-11,2026-04-11,jour,2,0,0,2026-05-03 18:25:41.445906+00
2f6bda93-3a56-4b61-b1ea-a50712ed16c2,cfb8af80-d40b-46dc-9519-78ba7567cda8,e1ea46ac-2422-4bd4-a2ac-58a47096b187,2026-04-11,2026-04-11,jour,1,0,0,2026-05-03 18:25:41.445906+00
eabc8508-7d11-4e62-b673-507b1fde1a40,dc5100ac-b5ad-4705-b3e6-45fb04d1ff64,15467316-9ed2-493e-b06b-2e11094fa96b,2026-04-11,2026-04-11,jour,11,6,0,2026-05-03 18:25:41.445906+00
df7ecec0-e2d9-43a1-be0f-bfeeccba59bf,dc5100ac-b5ad-4705-b3e6-45fb04d1ff64,1b9201a1-9333-4725-8e38-e9297777745b,2026-04-11,2026-04-11,jour,1,1,0,2026-05-03 18:25:41.445906+00
799d29e4-5bcb-4fea-b1f8-b123e9344c2d,dc5100ac-b5ad-4705-b3e6-45fb04d1ff64,4739e15d-80c0-41f6-a1c2-78044861b72a,2026-04-11,2026-04-11,jour,1,1,0,2026-05-03 18:25:41.445906+00
44b915ef-233c-468a-bb95-dad9a8004952,dc5100ac-b5ad-4705-b3e6-45fb04d1ff64,743fb064-83e3-46cd-8429-f51a2f31642b,2026-04-11,2026-04-11,jour,6,2,0,2026-05-03 18:25:41.445906+00
148c7653-6a4d-4375-a23b-0ff2fd49e8ff,dc5100ac-b5ad-4705-b3e6-45fb04d1ff64,ab85b38e-5fb2-44f0-ade9-d2e0019be123,2026-04-11,2026-04-11,jour,1,1,0,2026-05-03 18:25:41.445906+00
0bf8b11e-8987-44be-bc67-a6fc5fb7e182,dc5100ac-b5ad-4705-b3e6-45fb04d1ff64,c525bc73-3c4c-411e-9949-803416e7d270,2026-04-11,2026-04-11,jour,4,1,1,2026-05-03 18:25:41.445906+00
0b2174b1-8142-4a9c-b6c2-ffffe8b5e3f7,05846018-a68b-4415-a429-3afafdb2b6b8,15467316-9ed2-493e-b06b-2e11094fa96b,2026-04-13,2026-04-13,jour,2,2,0,2026-05-03 18:25:41.445906+00
c10325c2-79d6-436b-b158-0a3d6f3ad141,05846018-a68b-4415-a429-3afafdb2b6b8,4739e15d-80c0-41f6-a1c2-78044861b72a,2026-04-13,2026-04-13,jour,1,0,0,2026-05-03 18:25:41.445906+00
767e01ac-0e91-4cce-bb56-2541c15b70c1,05846018-a68b-4415-a429-3afafdb2b6b8,743fb064-83e3-46cd-8429-f51a2f31642b,2026-04-13,2026-04-13,jour,1,1,0,2026-05-03 18:25:41.445906+00
8d2e320a-0316-49ae-866b-a9281f309525,129090e2-d446-4424-934a-2f39d73a5954,0d087b99-4dd1-4cb0-aea9-568efd0e7374,2026-04-13,2026-04-13,jour,1,1,0,2026-05-03 18:25:41.445906+00
e9bbde45-a446-446a-984b-0d41eb452883,129090e2-d446-4424-934a-2f39d73a5954,15467316-9ed2-493e-b06b-2e11094fa96b,2026-04-13,2026-04-13,jour,4,1,0,2026-05-03 18:25:41.445906+00
6bd3f085-2c82-4ae8-a04d-eb0440ba23da,129090e2-d446-4424-934a-2f39d73a5954,3dd1b7e2-0cba-420f-b95f-11315affd3df,2026-04-13,2026-04-13,jour,1,0,0,2026-05-03 18:25:41.445906+00
9aeef7b4-112a-4a4b-b231-4d2bf761d44f,129090e2-d446-4424-934a-2f39d73a5954,4739e15d-80c0-41f6-a1c2-78044861b72a,2026-04-13,2026-04-13,jour,4,1,0,2026-05-03 18:25:41.445906+00
b82a7315-ae2a-42e6-ace9-b8f16d89c655,129090e2-d446-4424-934a-2f39d73a5954,743fb064-83e3-46cd-8429-f51a2f31642b,2026-04-13,2026-04-13,jour,9,1,1,2026-05-03 18:25:41.445906+00
dde3b665-d3f0-445a-b412-31c3a3823677,129090e2-d446-4424-934a-2f39d73a5954,8388621a-ed33-4c67-83dc-dbcea84b0f5e,2026-04-13,2026-04-13,jour,1,0,0,2026-05-03 18:25:41.445906+00
b5f77669-70ab-400f-b14b-803e9f838eac,129090e2-d446-4424-934a-2f39d73a5954,9745e1c7-0b49-4779-9301-7e8449f0e7d7,2026-04-13,2026-04-13,jour,2,2,0,2026-05-03 18:25:41.445906+00
38038ba3-3143-4a18-b5ab-78be40a6bdcb,129090e2-d446-4424-934a-2f39d73a5954,b8b8bfd7-3826-4066-8698-0c86fd8d5807,2026-04-13,2026-04-13,jour,1,0,0,2026-05-03 18:25:41.445906+00
67081b70-414c-4a75-815d-2a003b24ab75,129090e2-d446-4424-934a-2f39d73a5954,c525bc73-3c4c-411e-9949-803416e7d270,2026-04-13,2026-04-13,jour,3,1,0,2026-05-03 18:25:41.445906+00
5d9c27ee-60c9-4bfe-bc9e-51cfce028f65,1b7086c6-922a-42b2-95e8-f10cac431ba6,0bd18562-61aa-43cc-8484-3310a0822b5e,2026-04-13,2026-04-13,jour,2,1,0,2026-05-03 18:25:41.445906+00
819525dc-3bfa-40fb-b8ea-06c09e15cbbc,1b7086c6-922a-42b2-95e8-f10cac431ba6,15467316-9ed2-493e-b06b-2e11094fa96b,2026-04-13,2026-04-13,jour,3,0,0,2026-05-03 18:25:41.445906+00
47739854-c0e7-4a2c-8bc4-2bc639c90dbe,1b7086c6-922a-42b2-95e8-f10cac431ba6,4739e15d-80c0-41f6-a1c2-78044861b72a,2026-04-13,2026-04-13,jour,2,0,0,2026-05-03 18:25:41.445906+00
a58f563c-3969-4c6c-98c3-f68e86bc908e,1b7086c6-922a-42b2-95e8-f10cac431ba6,743fb064-83e3-46cd-8429-f51a2f31642b,2026-04-13,2026-04-13,jour,7,2,0,2026-05-03 18:25:41.445906+00
aa4eba1d-d9b1-422b-9bd2-686f736f2079,1b7086c6-922a-42b2-95e8-f10cac431ba6,8388621a-ed33-4c67-83dc-dbcea84b0f5e,2026-04-13,2026-04-13,jour,1,0,0,2026-05-03 18:25:41.445906+00
7c7f92b9-debf-4029-b4c9-86e2eb782ceb,1b7086c6-922a-42b2-95e8-f10cac431ba6,9745e1c7-0b49-4779-9301-7e8449f0e7d7,2026-04-13,2026-04-13,jour,3,0,0,2026-05-03 18:25:41.445906+00
2a9c483b-84ba-4b8e-96a0-e5daf2870ba9,1b7086c6-922a-42b2-95e8-f10cac431ba6,c525bc73-3c4c-411e-9949-803416e7d270,2026-04-13,2026-04-13,jour,4,0,0,2026-05-03 18:25:41.445906+00
78a90566-cdf4-4c0e-8aee-b95421e257ab,6adfe150-0752-4f5e-90ea-28d25d769b49,15467316-9ed2-493e-b06b-2e11094fa96b,2026-04-13,2026-04-13,jour,6,1,0,2026-05-03 18:25:41.445906+00
7ee7f044-7392-4b60-82f3-5dc06f0ef431,6adfe150-0752-4f5e-90ea-28d25d769b49,1b181444-e6ff-4e16-a738-8dfe9b2d9e45,2026-04-13,2026-04-13,jour,1,0,0,2026-05-03 18:25:41.445906+00
6de4c248-ef8b-427a-8793-17dd797558a6,6adfe150-0752-4f5e-90ea-28d25d769b49,3d2412d8-7795-4738-8754-59af09a8f512,2026-04-13,2026-04-13,jour,1,1,0,2026-05-03 18:25:41.445906+00
fcebeb3a-433e-4595-989e-886965f9defc,6adfe150-0752-4f5e-90ea-28d25d769b49,743fb064-83e3-46cd-8429-f51a2f31642b,2026-04-13,2026-04-13,jour,3,1,0,2026-05-03 18:25:41.445906+00
fd5821e9-4594-4844-b13e-7ab630b3e326,6adfe150-0752-4f5e-90ea-28d25d769b49,7707c6cc-b462-4548-8c1d-23bd4539bb11,2026-04-13,2026-04-13,jour,1,0,0,2026-05-03 18:25:41.445906+00
f628f94b-8033-4050-b259-ac99b393c206,6adfe150-0752-4f5e-90ea-28d25d769b49,8388621a-ed33-4c67-83dc-dbcea84b0f5e,2026-04-13,2026-04-13,jour,1,1,0,2026-05-03 18:25:41.445906+00
9979a32a-6b22-48c0-ab79-cf329d8ee6a6,6adfe150-0752-4f5e-90ea-28d25d769b49,9745e1c7-0b49-4779-9301-7e8449f0e7d7,2026-04-13,2026-04-13,jour,1,0,0,2026-05-03 18:25:41.445906+00
03878555-a8db-4859-9dde-89c0e4a4f3b2,6adfe150-0752-4f5e-90ea-28d25d769b49,a5682552-3c7e-42b2-bb03-d4d123da52ef,2026-04-13,2026-04-13,jour,2,0,0,2026-05-03 18:25:41.445906+00
37947c93-f233-4b8e-882b-1955024bc713,6adfe150-0752-4f5e-90ea-28d25d769b49,b8b8bfd7-3826-4066-8698-0c86fd8d5807,2026-04-13,2026-04-13,jour,1,0,0,2026-05-03 18:25:41.445906+00
dd856e57-dd44-4314-b719-d34e9c5d0e57,6adfe150-0752-4f5e-90ea-28d25d769b49,c525bc73-3c4c-411e-9949-803416e7d270,2026-04-13,2026-04-13,jour,2,0,0,2026-05-03 18:25:41.445906+00
056abf9e-0dc5-48a6-bc94-0a502ecbe870,cfb8af80-d40b-46dc-9519-78ba7567cda8,1b181444-e6ff-4e16-a738-8dfe9b2d9e45,2026-04-13,2026-04-13,jour,1,0,0,2026-05-03 18:25:41.445906+00
39dab641-49b2-42d0-9002-55a4fa5d70de,cfb8af80-d40b-46dc-9519-78ba7567cda8,3d2412d8-7795-4738-8754-59af09a8f512,2026-04-13,2026-04-13,jour,1,0,0,2026-05-03 18:25:41.445906+00
ad3a354a-4220-4f47-ad84-fddcdbede3ad,cfb8af80-d40b-46dc-9519-78ba7567cda8,4739e15d-80c0-41f6-a1c2-78044861b72a,2026-04-13,2026-04-13,jour,1,1,0,2026-05-03 18:25:41.445906+00
6dec36cd-9b23-4af4-a338-4b147ccf3f5b,cfb8af80-d40b-46dc-9519-78ba7567cda8,743fb064-83e3-46cd-8429-f51a2f31642b,2026-04-13,2026-04-13,jour,6,1,0,2026-05-03 18:25:41.445906+00
9002eb7c-269d-4516-84f5-383361219fd0,cfb8af80-d40b-46dc-9519-78ba7567cda8,ab85b38e-5fb2-44f0-ade9-d2e0019be123,2026-04-13,2026-04-13,jour,1,0,0,2026-05-03 18:25:41.445906+00
49708054-ba31-4578-9995-4222cd12118f,cfb8af80-d40b-46dc-9519-78ba7567cda8,c525bc73-3c4c-411e-9949-803416e7d270,2026-04-13,2026-04-13,jour,1,0,0,2026-05-03 18:25:41.445906+00
b6dc2a53-574a-42e1-a9b8-04bb01f9d09c,dc5100ac-b5ad-4705-b3e6-45fb04d1ff64,0d087b99-4dd1-4cb0-aea9-568efd0e7374,2026-04-13,2026-04-13,jour,1,0,0,2026-05-03 18:25:41.445906+00
74145a39-1cf5-4c60-b73d-0089b152e6bc,dc5100ac-b5ad-4705-b3e6-45fb04d1ff64,15467316-9ed2-493e-b06b-2e11094fa96b,2026-04-13,2026-04-13,jour,20,3,0,2026-05-03 18:25:41.445906+00
a6c977b6-c75e-4441-b439-f044dad7e8fb,dc5100ac-b5ad-4705-b3e6-45fb04d1ff64,1b181444-e6ff-4e16-a738-8dfe9b2d9e45,2026-04-13,2026-04-13,jour,2,0,0,2026-05-03 18:25:41.445906+00
7f2282cb-8602-41ac-87a5-751b121a998b,dc5100ac-b5ad-4705-b3e6-45fb04d1ff64,3d2412d8-7795-4738-8754-59af09a8f512,2026-04-13,2026-04-13,jour,3,0,0,2026-05-03 18:25:41.445906+00
5c9c57e5-6f3c-4bd2-86d6-2ecab846fb8f,dc5100ac-b5ad-4705-b3e6-45fb04d1ff64,4739e15d-80c0-41f6-a1c2-78044861b72a,2026-04-13,2026-04-13,jour,1,0,0,2026-05-03 18:25:41.445906+00
23b46369-4571-43a5-a1f6-3c4ea8888a5f,dc5100ac-b5ad-4705-b3e6-45fb04d1ff64,743fb064-83e3-46cd-8429-f51a2f31642b,2026-04-13,2026-04-13,jour,24,4,0,2026-05-03 18:25:41.445906+00
f26e5122-d422-47bb-88ed-33b3118903cc,dc5100ac-b5ad-4705-b3e6-45fb04d1ff64,8388621a-ed33-4c67-83dc-dbcea84b0f5e,2026-04-13,2026-04-13,jour,1,0,0,2026-05-03 18:25:41.445906+00
954d6cd1-5ae4-401b-a3c8-9386712fe2b6,dc5100ac-b5ad-4705-b3e6-45fb04d1ff64,9745e1c7-0b49-4779-9301-7e8449f0e7d7,2026-04-13,2026-04-13,jour,1,0,0,2026-05-03 18:25:41.445906+00
6d9e569b-ea39-4aa1-80d9-a00c7e2e2e1d,dc5100ac-b5ad-4705-b3e6-45fb04d1ff64,ab85b38e-5fb2-44f0-ade9-d2e0019be123,2026-04-13,2026-04-13,jour,3,1,0,2026-05-03 18:25:41.445906+00
e2685f84-694d-419a-a1c4-a85bba9f05ce,dc5100ac-b5ad-4705-b3e6-45fb04d1ff64,c525bc73-3c4c-411e-9949-803416e7d270,2026-04-13,2026-04-13,jour,7,2,0,2026-05-03 18:25:41.445906+00
679058fb-0b03-458a-a773-14d77679d8ac,dc5100ac-b5ad-4705-b3e6-45fb04d1ff64,d977d9a5-48fd-415e-b31d-02f6bea0be79,2026-04-13,2026-04-13,jour,1,1,0,2026-05-03 18:25:41.445906+00
1d28a945-2926-4870-827e-076a5e558068,05846018-a68b-4415-a429-3afafdb2b6b8,15467316-9ed2-493e-b06b-2e11094fa96b,2026-04-14,2026-04-14,jour,1,1,0,2026-05-03 18:25:41.445906+00
f566cb30-e1b1-441b-ab37-c590bf8443e4,05846018-a68b-4415-a429-3afafdb2b6b8,743fb064-83e3-46cd-8429-f51a2f31642b,2026-04-14,2026-04-14,jour,1,1,0,2026-05-03 18:25:41.445906+00
6e2d9f6f-0c6f-414a-8a4a-fed6e21bb363,05846018-a68b-4415-a429-3afafdb2b6b8,ab85b38e-5fb2-44f0-ade9-d2e0019be123,2026-04-14,2026-04-14,jour,1,1,0,2026-05-03 18:25:41.445906+00
f94f1b89-91f4-42cf-87ca-73ebf15201bb,129090e2-d446-4424-934a-2f39d73a5954,15467316-9ed2-493e-b06b-2e11094fa96b,2026-04-14,2026-04-14,jour,2,1,0,2026-05-03 18:25:41.445906+00
6b52ac32-5be1-4f84-8b88-ff64b6b8ed65,129090e2-d446-4424-934a-2f39d73a5954,3d2412d8-7795-4738-8754-59af09a8f512,2026-04-14,2026-04-14,jour,1,0,0,2026-05-03 18:25:41.445906+00
cb2b6f7a-1199-4a92-8454-d1f7b4fa2ee7,129090e2-d446-4424-934a-2f39d73a5954,4739e15d-80c0-41f6-a1c2-78044861b72a,2026-04-14,2026-04-14,jour,1,0,0,2026-05-03 18:25:41.445906+00
40e0f0ba-52e6-4dcf-a713-795c48f1046c,129090e2-d446-4424-934a-2f39d73a5954,743fb064-83e3-46cd-8429-f51a2f31642b,2026-04-14,2026-04-14,jour,3,0,0,2026-05-03 18:25:41.445906+00
dd5b8733-8045-4472-83f9-de12f432083b,129090e2-d446-4424-934a-2f39d73a5954,b8b8bfd7-3826-4066-8698-0c86fd8d5807,2026-04-14,2026-04-14,jour,1,1,0,2026-05-03 18:25:41.445906+00
cf804950-a5c4-4a62-9681-ab3fb5d67f8e,129090e2-d446-4424-934a-2f39d73a5954,c525bc73-3c4c-411e-9949-803416e7d270,2026-04-14,2026-04-14,jour,1,0,0,2026-05-03 18:25:41.445906+00
17181066-13a5-4218-8bd3-0fec06220ed6,1b7086c6-922a-42b2-95e8-f10cac431ba6,15467316-9ed2-493e-b06b-2e11094fa96b,2026-04-14,2026-04-14,jour,2,1,0,2026-05-03 18:25:41.445906+00
c66cff9c-a8ab-4036-84a4-b6abd0b637af,1b7086c6-922a-42b2-95e8-f10cac431ba6,743fb064-83e3-46cd-8429-f51a2f31642b,2026-04-14,2026-04-14,jour,4,0,0,2026-05-03 18:25:41.445906+00
3b7aa6ac-dbfd-4d30-bed8-ac3c1d928069,1b7086c6-922a-42b2-95e8-f10cac431ba6,c525bc73-3c4c-411e-9949-803416e7d270,2026-04-14,2026-04-14,jour,2,1,0,2026-05-03 18:25:41.445906+00
23ebc145-0b27-49c5-a942-d061e75d22dc,6adfe150-0752-4f5e-90ea-28d25d769b49,15467316-9ed2-493e-b06b-2e11094fa96b,2026-04-14,2026-04-14,jour,3,1,0,2026-05-03 18:25:41.445906+00
68287734-0c42-44ab-9bc7-9b5fc2752248,6adfe150-0752-4f5e-90ea-28d25d769b49,3dd1b7e2-0cba-420f-b95f-11315affd3df,2026-04-14,2026-04-14,jour,1,0,0,2026-05-03 18:25:41.445906+00
89901ad4-76b3-4961-a48f-84becc9a053c,6adfe150-0752-4f5e-90ea-28d25d769b49,4739e15d-80c0-41f6-a1c2-78044861b72a,2026-04-14,2026-04-14,jour,1,0,0,2026-05-03 18:25:41.445906+00
c68bf6a3-0cf8-412e-9202-0801f32fe98e,6adfe150-0752-4f5e-90ea-28d25d769b49,743fb064-83e3-46cd-8429-f51a2f31642b,2026-04-14,2026-04-14,jour,1,1,0,2026-05-03 18:25:41.445906+00
7b08dba2-3ae5-4c92-afcf-d73b1cfb0c6f,6adfe150-0752-4f5e-90ea-28d25d769b49,8388621a-ed33-4c67-83dc-dbcea84b0f5e,2026-04-14,2026-04-14,jour,2,0,0,2026-05-03 18:25:41.445906+00
0f6d93bd-76f5-427a-92cf-4ff288a82a23,6adfe150-0752-4f5e-90ea-28d25d769b49,b8b8bfd7-3826-4066-8698-0c86fd8d5807,2026-04-14,2026-04-14,jour,2,0,0,2026-05-03 18:25:41.445906+00
c7136916-ffec-46ef-a74e-bb70e6bf9c14,cfb8af80-d40b-46dc-9519-78ba7567cda8,8388621a-ed33-4c67-83dc-dbcea84b0f5e,2026-04-14,2026-04-14,jour,1,0,0,2026-05-03 18:25:41.445906+00
6e6db96a-ea81-4c50-8795-721da963f8d9,cfb8af80-d40b-46dc-9519-78ba7567cda8,ab85b38e-5fb2-44f0-ade9-d2e0019be123,2026-04-14,2026-04-14,jour,1,0,0,2026-05-03 18:25:41.445906+00
eff801c1-e336-44e9-afb5-27fca23cb345,cfb8af80-d40b-46dc-9519-78ba7567cda8,b8b8bfd7-3826-4066-8698-0c86fd8d5807,2026-04-14,2026-04-14,jour,1,0,0,2026-05-03 18:25:41.445906+00
5e0bd8c1-0165-4338-877e-b9a1425a226d,cfb8af80-d40b-46dc-9519-78ba7567cda8,c525bc73-3c4c-411e-9949-803416e7d270,2026-04-14,2026-04-14,jour,1,0,0,2026-05-03 18:25:41.445906+00
f015d87f-a233-4e10-b030-d41a6538b9dc,dc5100ac-b5ad-4705-b3e6-45fb04d1ff64,15467316-9ed2-493e-b06b-2e11094fa96b,2026-04-14,2026-04-14,jour,10,3,1,2026-05-03 18:25:41.445906+00
6a38be98-0e61-4701-b776-5b51911fb7c1,dc5100ac-b5ad-4705-b3e6-45fb04d1ff64,1b181444-e6ff-4e16-a738-8dfe9b2d9e45,2026-04-14,2026-04-14,jour,1,0,0,2026-05-03 18:25:41.445906+00
d69a29cd-d908-4459-bc2c-8521c0582137,dc5100ac-b5ad-4705-b3e6-45fb04d1ff64,4739e15d-80c0-41f6-a1c2-78044861b72a,2026-04-14,2026-04-14,jour,1,0,0,2026-05-03 18:25:41.445906+00
62980546-c9e5-4e7f-994c-0404300e4004,dc5100ac-b5ad-4705-b3e6-45fb04d1ff64,743fb064-83e3-46cd-8429-f51a2f31642b,2026-04-14,2026-04-14,jour,7,0,0,2026-05-03 18:25:41.445906+00
51d8e6d5-e165-4eda-aa75-f2022a4c95a1,dc5100ac-b5ad-4705-b3e6-45fb04d1ff64,8388621a-ed33-4c67-83dc-dbcea84b0f5e,2026-04-14,2026-04-14,jour,1,0,0,2026-05-03 18:25:41.445906+00
4232ade8-69b2-4414-9c18-9c4ee8bbfaa5,dc5100ac-b5ad-4705-b3e6-45fb04d1ff64,c525bc73-3c4c-411e-9949-803416e7d270,2026-04-14,2026-04-14,jour,8,1,0,2026-05-03 18:25:41.445906+00
9925946e-817c-4244-80ee-cab4d87c26cf,05846018-a68b-4415-a429-3afafdb2b6b8,15467316-9ed2-493e-b06b-2e11094fa96b,2026-04-15,2026-04-15,jour,1,1,0,2026-05-03 18:25:41.445906+00
601d64e5-fe23-44b1-8e06-8236402c5807,05846018-a68b-4415-a429-3afafdb2b6b8,1b181444-e6ff-4e16-a738-8dfe9b2d9e45,2026-04-15,2026-04-15,jour,1,0,0,2026-05-03 18:25:41.445906+00
2a155c8d-ce1c-4397-964e-f26ffb951638,05846018-a68b-4415-a429-3afafdb2b6b8,4739e15d-80c0-41f6-a1c2-78044861b72a,2026-04-15,2026-04-15,jour,1,0,0,2026-05-03 18:25:41.445906+00
542bedfd-f4c7-426a-91c6-781e01b69efb,05846018-a68b-4415-a429-3afafdb2b6b8,743fb064-83e3-46cd-8429-f51a2f31642b,2026-04-15,2026-04-15,jour,2,1,0,2026-05-03 18:25:41.445906+00
71e205cc-dffb-46a2-a608-86fa358bfd16,129090e2-d446-4424-934a-2f39d73a5954,3dd1b7e2-0cba-420f-b95f-11315affd3df,2026-04-15,2026-04-15,jour,4,1,0,2026-05-03 18:25:41.445906+00
af31ba7b-161f-484b-b926-b56ffc20450b,129090e2-d446-4424-934a-2f39d73a5954,4739e15d-80c0-41f6-a1c2-78044861b72a,2026-04-15,2026-04-15,jour,1,1,0,2026-05-03 18:25:41.445906+00
b01fdbd9-e09c-488a-bab9-0ca3585cff40,129090e2-d446-4424-934a-2f39d73a5954,743fb064-83e3-46cd-8429-f51a2f31642b,2026-04-15,2026-04-15,jour,2,0,0,2026-05-03 18:25:41.445906+00
71a55018-3d0c-4d78-a609-1bd0f7843b37,129090e2-d446-4424-934a-2f39d73a5954,c525bc73-3c4c-411e-9949-803416e7d270,2026-04-15,2026-04-15,jour,1,1,0,2026-05-03 18:25:41.445906+00
bef02240-c43b-4465-9edb-e2e09c2e9273,1b7086c6-922a-42b2-95e8-f10cac431ba6,1b181444-e6ff-4e16-a738-8dfe9b2d9e45,2026-04-15,2026-04-15,jour,1,0,0,2026-05-03 18:25:41.445906+00
5cf80a64-75df-42cc-8458-3224a764f076,1b7086c6-922a-42b2-95e8-f10cac431ba6,4739e15d-80c0-41f6-a1c2-78044861b72a,2026-04-15,2026-04-15,jour,1,0,0,2026-05-03 18:25:41.445906+00
591f63a8-2f33-4690-8de6-c15709f1e5b6,1b7086c6-922a-42b2-95e8-f10cac431ba6,743fb064-83e3-46cd-8429-f51a2f31642b,2026-04-15,2026-04-15,jour,2,2,0,2026-05-03 18:25:41.445906+00
e01e38de-68ba-40da-9895-39367731deb7,1b7086c6-922a-42b2-95e8-f10cac431ba6,9745e1c7-0b49-4779-9301-7e8449f0e7d7,2026-04-15,2026-04-15,jour,1,0,0,2026-05-03 18:25:41.445906+00
f7eb1c3d-4e58-4cd7-a572-8ad54185729b,1b7086c6-922a-42b2-95e8-f10cac431ba6,ab85b38e-5fb2-44f0-ade9-d2e0019be123,2026-04-15,2026-04-15,jour,1,0,0,2026-05-03 18:25:41.445906+00
8ec06053-28e0-4939-9ea9-fc67875c840a,1b7086c6-922a-42b2-95e8-f10cac431ba6,c525bc73-3c4c-411e-9949-803416e7d270,2026-04-15,2026-04-15,jour,2,0,1,2026-05-03 18:25:41.445906+00
5d6af4dd-82ff-481d-8ad0-353e0784361c,cfb8af80-d40b-46dc-9519-78ba7567cda8,15467316-9ed2-493e-b06b-2e11094fa96b,2026-04-15,2026-04-15,jour,1,0,0,2026-05-03 18:25:41.445906+00
ec4c5e33-2334-4090-9bc6-24d25110d552,cfb8af80-d40b-46dc-9519-78ba7567cda8,743fb064-83e3-46cd-8429-f51a2f31642b,2026-04-15,2026-04-15,jour,3,1,2,2026-05-03 18:25:41.445906+00
963a07f7-9d75-4c15-824d-6cd7bb7e7906,cfb8af80-d40b-46dc-9519-78ba7567cda8,8388621a-ed33-4c67-83dc-dbcea84b0f5e,2026-04-15,2026-04-15,jour,1,0,0,2026-05-03 18:25:41.445906+00
397d0133-8c38-44a9-9d84-e27d79e59b16,cfb8af80-d40b-46dc-9519-78ba7567cda8,c525bc73-3c4c-411e-9949-803416e7d270,2026-04-15,2026-04-15,jour,3,0,0,2026-05-03 18:25:41.445906+00
0fd83d36-b4a6-45d7-8356-5ddc918ed73a,dc5100ac-b5ad-4705-b3e6-45fb04d1ff64,15467316-9ed2-493e-b06b-2e11094fa96b,2026-04-15,2026-04-15,jour,1,1,0,2026-05-03 18:25:41.445906+00
0ca7e4bd-b3e7-4266-bdd3-b9c294e7e210,dc5100ac-b5ad-4705-b3e6-45fb04d1ff64,1b181444-e6ff-4e16-a738-8dfe9b2d9e45,2026-04-15,2026-04-15,jour,1,1,0,2026-05-03 18:25:41.445906+00
6ac79339-e9e8-45db-b333-7564cc2cfcd0,dc5100ac-b5ad-4705-b3e6-45fb04d1ff64,4739e15d-80c0-41f6-a1c2-78044861b72a,2026-04-15,2026-04-15,jour,1,0,1,2026-05-03 18:25:41.445906+00
15d9fcb0-a32b-4458-afd9-7c533cb98fda,dc5100ac-b5ad-4705-b3e6-45fb04d1ff64,743fb064-83e3-46cd-8429-f51a2f31642b,2026-04-15,2026-04-15,jour,1,1,0,2026-05-03 18:25:41.445906+00
1e7d00da-95f6-4fa3-a3aa-63807e006c1c,dc5100ac-b5ad-4705-b3e6-45fb04d1ff64,c525bc73-3c4c-411e-9949-803416e7d270,2026-04-15,2026-04-15,jour,1,1,0,2026-05-03 18:25:41.445906+00
304f6c73-6b5d-4761-b681-c5e19891130b,129090e2-d446-4424-934a-2f39d73a5954,743fb064-83e3-46cd-8429-f51a2f31642b,2026-04-16,2026-04-16,jour,2,1,0,2026-05-03 18:25:41.445906+00
f42f951b-1a44-4a01-8665-0cb56084e1c2,6adfe150-0752-4f5e-90ea-28d25d769b49,15467316-9ed2-493e-b06b-2e11094fa96b,2026-04-16,2026-04-16,jour,2,2,0,2026-05-03 18:25:41.445906+00
88f94f07-2a38-4c8c-9ea9-75631b8002da,6adfe150-0752-4f5e-90ea-28d25d769b49,3dd1b7e2-0cba-420f-b95f-11315affd3df,2026-04-16,2026-04-16,jour,1,0,0,2026-05-03 18:25:41.445906+00
c6caade9-06fb-4530-95d1-12117b8196e3,6adfe150-0752-4f5e-90ea-28d25d769b49,c525bc73-3c4c-411e-9949-803416e7d270,2026-04-16,2026-04-16,jour,1,0,0,2026-05-03 18:25:41.445906+00
9ac6feca-24ef-44a2-973e-2ceea02d4748,cfb8af80-d40b-46dc-9519-78ba7567cda8,15467316-9ed2-493e-b06b-2e11094fa96b,2026-04-16,2026-04-16,jour,2,0,0,2026-05-03 18:25:41.445906+00
3b541401-1527-4fbe-8865-6a45e8fe64ba,cfb8af80-d40b-46dc-9519-78ba7567cda8,1b181444-e6ff-4e16-a738-8dfe9b2d9e45,2026-04-16,2026-04-16,jour,1,0,0,2026-05-03 18:25:41.445906+00
0cb79fb4-eb7a-40ca-9642-a446f0c614b3,cfb8af80-d40b-46dc-9519-78ba7567cda8,4739e15d-80c0-41f6-a1c2-78044861b72a,2026-04-16,2026-04-16,jour,1,0,1,2026-05-03 18:25:41.445906+00
47262d99-4293-4bdb-9c87-e8d6283713c7,cfb8af80-d40b-46dc-9519-78ba7567cda8,c525bc73-3c4c-411e-9949-803416e7d270,2026-04-16,2026-04-16,jour,1,1,0,2026-05-03 18:25:41.445906+00
c33e4475-15af-455c-b440-baa56baa8e56,dc5100ac-b5ad-4705-b3e6-45fb04d1ff64,0bd18562-61aa-43cc-8484-3310a0822b5e,2026-04-16,2026-04-16,jour,1,0,0,2026-05-03 18:25:41.445906+00
871142d5-038a-4a7c-afd7-57843bf18a92,dc5100ac-b5ad-4705-b3e6-45fb04d1ff64,0d087b99-4dd1-4cb0-aea9-568efd0e7374,2026-04-16,2026-04-16,jour,2,0,0,2026-05-03 18:25:41.445906+00
9213b58f-da0b-49f6-8c4d-b5a0231b415d,dc5100ac-b5ad-4705-b3e6-45fb04d1ff64,15467316-9ed2-493e-b06b-2e11094fa96b,2026-04-16,2026-04-16,jour,1,1,0,2026-05-03 18:25:41.445906+00
209b5c97-f2d9-4ecd-961f-9cdac48555c0,dc5100ac-b5ad-4705-b3e6-45fb04d1ff64,1b181444-e6ff-4e16-a738-8dfe9b2d9e45,2026-04-16,2026-04-16,jour,1,0,0,2026-05-03 18:25:41.445906+00
b2b44d7f-d8ed-4f17-8e0c-363abf1546f5,dc5100ac-b5ad-4705-b3e6-45fb04d1ff64,1b9201a1-9333-4725-8e38-e9297777745b,2026-04-16,2026-04-16,jour,1,1,0,2026-05-03 18:25:41.445906+00
ffe9632f-fc4d-4a40-b886-59baf2d5e145,dc5100ac-b5ad-4705-b3e6-45fb04d1ff64,3d2412d8-7795-4738-8754-59af09a8f512,2026-04-16,2026-04-16,jour,1,0,0,2026-05-03 18:25:41.445906+00
ac2505cc-fab3-459e-82ca-c929b2273873,dc5100ac-b5ad-4705-b3e6-45fb04d1ff64,743fb064-83e3-46cd-8429-f51a2f31642b,2026-04-16,2026-04-16,jour,1,1,0,2026-05-03 18:25:41.445906+00
c4ef7612-a750-4c5c-a9b1-15f5e95747f3,dc5100ac-b5ad-4705-b3e6-45fb04d1ff64,a5682552-3c7e-42b2-bb03-d4d123da52ef,2026-04-16,2026-04-16,jour,1,0,0,2026-05-03 18:25:41.445906+00
be72e299-513a-45ff-a16c-7549f7b7f7a3,dc5100ac-b5ad-4705-b3e6-45fb04d1ff64,ab85b38e-5fb2-44f0-ade9-d2e0019be123,2026-04-16,2026-04-16,jour,2,0,0,2026-05-03 18:25:41.445906+00
529467d4-dcf7-4a87-903f-fb6055f06724,dc5100ac-b5ad-4705-b3e6-45fb04d1ff64,b8b8bfd7-3826-4066-8698-0c86fd8d5807,2026-04-16,2026-04-16,jour,1,0,0,2026-05-03 18:25:41.445906+00
fad3b998-f9b4-4130-badd-0242d691f4d1,dc5100ac-b5ad-4705-b3e6-45fb04d1ff64,c525bc73-3c4c-411e-9949-803416e7d270,2026-04-16,2026-04-16,jour,1,1,0,2026-05-03 18:25:41.445906+00
4fc589fa-3f3e-4e77-ae5f-7bd8c3c02f8f,dc5100ac-b5ad-4705-b3e6-45fb04d1ff64,d737c6ed-658a-4a1f-b724-043895197726,2026-04-16,2026-04-16,jour,1,0,0,2026-05-03 18:25:41.445906+00
841ae78d-e6f6-426e-9a4f-77a4303b13fc,05846018-a68b-4415-a429-3afafdb2b6b8,2967fdd5-ab82-433d-a6c4-1b8113e67a09,2026-04-17,2026-04-17,jour,1,1,0,2026-05-03 18:25:41.445906+00
fc17026f-9cd3-4f23-b3f4-a29085748f61,05846018-a68b-4415-a429-3afafdb2b6b8,b8b8bfd7-3826-4066-8698-0c86fd8d5807,2026-04-17,2026-04-17,jour,1,1,0,2026-05-03 18:25:41.445906+00
88fa35d7-7bfb-4a5b-899f-085ef9332551,05846018-a68b-4415-a429-3afafdb2b6b8,c525bc73-3c4c-411e-9949-803416e7d270,2026-04-17,2026-04-17,jour,1,0,0,2026-05-03 18:25:41.445906+00
a2022985-019a-432d-84d5-320aac780da0,129090e2-d446-4424-934a-2f39d73a5954,15467316-9ed2-493e-b06b-2e11094fa96b,2026-04-17,2026-04-17,jour,1,0,0,2026-05-03 18:25:41.445906+00
44b9fad2-6a43-4bbc-9286-f06ffb0f91e5,129090e2-d446-4424-934a-2f39d73a5954,4739e15d-80c0-41f6-a1c2-78044861b72a,2026-04-17,2026-04-17,jour,1,0,0,2026-05-03 18:25:41.445906+00
46f74bbd-82ff-4406-a767-d8777c4a799a,129090e2-d446-4424-934a-2f39d73a5954,743fb064-83e3-46cd-8429-f51a2f31642b,2026-04-17,2026-04-17,jour,6,0,0,2026-05-03 18:25:41.445906+00
cd8a3dc5-f334-411f-b9f7-9036496e62ce,129090e2-d446-4424-934a-2f39d73a5954,9745e1c7-0b49-4779-9301-7e8449f0e7d7,2026-04-17,2026-04-17,jour,1,1,0,2026-05-03 18:25:41.445906+00
510e8033-beca-44bd-b552-44a9448c521f,129090e2-d446-4424-934a-2f39d73a5954,c525bc73-3c4c-411e-9949-803416e7d270,2026-04-17,2026-04-17,jour,1,0,0,2026-05-03 18:25:41.445906+00
aa0eba46-8ce0-42fc-9b6a-9684ab0599b0,1b7086c6-922a-42b2-95e8-f10cac431ba6,1b181444-e6ff-4e16-a738-8dfe9b2d9e45,2026-04-17,2026-04-17,jour,1,0,0,2026-05-03 18:25:41.445906+00
d75d9b83-a0a3-471d-a47c-24fb11a23467,1b7086c6-922a-42b2-95e8-f10cac431ba6,4739e15d-80c0-41f6-a1c2-78044861b72a,2026-04-17,2026-04-17,jour,1,0,0,2026-05-03 18:25:41.445906+00
3eef7336-95c2-4b57-8116-9d64c8471cb5,1b7086c6-922a-42b2-95e8-f10cac431ba6,743fb064-83e3-46cd-8429-f51a2f31642b,2026-04-17,2026-04-17,jour,2,0,0,2026-05-03 18:25:41.445906+00
2396926f-36ca-4a12-9a49-b6d603b2b8e2,1b7086c6-922a-42b2-95e8-f10cac431ba6,9745e1c7-0b49-4779-9301-7e8449f0e7d7,2026-04-17,2026-04-17,jour,1,1,0,2026-05-03 18:25:41.445906+00
2147f23d-f290-4e39-926f-32a9f99febf5,1b7086c6-922a-42b2-95e8-f10cac431ba6,ab85b38e-5fb2-44f0-ade9-d2e0019be123,2026-04-17,2026-04-17,jour,1,0,0,2026-05-03 18:25:41.445906+00
76d3240c-9928-48b3-876f-b136cb728e0b,1b7086c6-922a-42b2-95e8-f10cac431ba6,c525bc73-3c4c-411e-9949-803416e7d270,2026-04-17,2026-04-17,jour,1,0,0,2026-05-03 18:25:41.445906+00
7f6f66dc-1274-4291-be3f-c972fb919723,1b7086c6-922a-42b2-95e8-f10cac431ba6,e87e531e-820e-4f39-8fd7-5fa00cf0671e,2026-04-17,2026-04-17,jour,1,1,0,2026-05-03 18:25:41.445906+00
c2c56ddb-bc05-484f-8665-78680fd0d142,6adfe150-0752-4f5e-90ea-28d25d769b49,15467316-9ed2-493e-b06b-2e11094fa96b,2026-04-17,2026-04-17,jour,1,0,0,2026-05-03 18:25:41.445906+00
a16411a0-ba33-45b4-aeb1-5173dfdf18af,6adfe150-0752-4f5e-90ea-28d25d769b49,1b181444-e6ff-4e16-a738-8dfe9b2d9e45,2026-04-17,2026-04-17,jour,2,0,0,2026-05-03 18:25:41.445906+00
b136e7ef-90d6-4b45-809c-d16e61cdfb28,6adfe150-0752-4f5e-90ea-28d25d769b49,3d2412d8-7795-4738-8754-59af09a8f512,2026-04-17,2026-04-17,jour,1,0,0,2026-05-03 18:25:41.445906+00
40b89cf9-6c28-49d4-81f5-aa471b4ce2b9,6adfe150-0752-4f5e-90ea-28d25d769b49,743fb064-83e3-46cd-8429-f51a2f31642b,2026-04-17,2026-04-17,jour,1,0,0,2026-05-03 18:25:41.445906+00
aa34a86d-f56d-4712-bf24-67cc18db2395,6adfe150-0752-4f5e-90ea-28d25d769b49,b8b8bfd7-3826-4066-8698-0c86fd8d5807,2026-04-17,2026-04-17,jour,2,0,0,2026-05-03 18:25:41.445906+00
6382a259-ddc5-4e7f-8b49-5ede09805004,cfb8af80-d40b-46dc-9519-78ba7567cda8,15467316-9ed2-493e-b06b-2e11094fa96b,2026-04-17,2026-04-17,jour,1,0,0,2026-05-03 18:25:41.445906+00
b16814e1-f1b4-4f99-a4e9-ae9fc257ca85,cfb8af80-d40b-46dc-9519-78ba7567cda8,4739e15d-80c0-41f6-a1c2-78044861b72a,2026-04-17,2026-04-17,jour,2,0,0,2026-05-03 18:25:41.445906+00
833f8fa4-b1d4-4d1b-a3df-d35afdf2555f,dc5100ac-b5ad-4705-b3e6-45fb04d1ff64,15467316-9ed2-493e-b06b-2e11094fa96b,2026-04-17,2026-04-17,jour,1,0,0,2026-05-03 18:25:41.445906+00
07207cda-be6d-41a6-bea2-2969d179362b,dc5100ac-b5ad-4705-b3e6-45fb04d1ff64,1b181444-e6ff-4e16-a738-8dfe9b2d9e45,2026-04-17,2026-04-17,jour,3,0,0,2026-05-03 18:25:41.445906+00
a0ff44a0-2ff5-4e25-8eb2-9381c2eca426,dc5100ac-b5ad-4705-b3e6-45fb04d1ff64,3dd1b7e2-0cba-420f-b95f-11315affd3df,2026-04-17,2026-04-17,jour,1,0,0,2026-05-03 18:25:41.445906+00
2ef84d35-24da-4457-a1f1-7c2768faf220,dc5100ac-b5ad-4705-b3e6-45fb04d1ff64,743fb064-83e3-46cd-8429-f51a2f31642b,2026-04-17,2026-04-17,jour,2,0,0,2026-05-03 18:25:41.445906+00
e83b4fd4-28fe-469d-98e2-473c32c10ab7,dc5100ac-b5ad-4705-b3e6-45fb04d1ff64,8388621a-ed33-4c67-83dc-dbcea84b0f5e,2026-04-17,2026-04-17,jour,2,0,0,2026-05-03 18:25:41.445906+00
9af70abe-8009-4151-966b-396de804f75d,dc5100ac-b5ad-4705-b3e6-45fb04d1ff64,b8b8bfd7-3826-4066-8698-0c86fd8d5807,2026-04-17,2026-04-17,jour,4,1,0,2026-05-03 18:25:41.445906+00
b2db2c19-bb71-4bed-a2c0-fb70c3e3e9c2,dc5100ac-b5ad-4705-b3e6-45fb04d1ff64,c525bc73-3c4c-411e-9949-803416e7d270,2026-04-17,2026-04-17,jour,2,0,0,2026-05-03 18:25:41.445906+00
286c145e-49eb-4495-b3d0-7d0fd0b39a9c,dc5100ac-b5ad-4705-b3e6-45fb04d1ff64,d737c6ed-658a-4a1f-b724-043895197726,2026-04-17,2026-04-17,jour,2,0,0,2026-05-03 18:25:41.445906+00
ebe1bdde-89e0-4e5a-b077-3d4b42369d32,dc5100ac-b5ad-4705-b3e6-45fb04d1ff64,e3f97cb9-fc81-410f-a1a4-0d486638326e,2026-04-17,2026-04-17,jour,1,0,0,2026-05-03 18:25:41.445906+00
12f0d257-cd7b-4611-b9b5-2f960f773c62,05846018-a68b-4415-a429-3afafdb2b6b8,743fb064-83e3-46cd-8429-f51a2f31642b,2026-04-18,2026-04-18,jour,1,0,0,2026-05-03 18:25:41.445906+00
43379338-9a63-4534-9fcc-73e875d0088c,05846018-a68b-4415-a429-3afafdb2b6b8,e1ea46ac-2422-4bd4-a2ac-58a47096b187,2026-04-18,2026-04-18,jour,1,1,0,2026-05-03 18:25:41.445906+00
8b189917-66ef-426e-85eb-f5823a6eb803,129090e2-d446-4424-934a-2f39d73a5954,1b181444-e6ff-4e16-a738-8dfe9b2d9e45,2026-04-18,2026-04-18,jour,1,0,0,2026-05-03 18:25:41.445906+00
2a359c8d-c11c-4eb2-953a-97787bb039ce,129090e2-d446-4424-934a-2f39d73a5954,743fb064-83e3-46cd-8429-f51a2f31642b,2026-04-18,2026-04-18,jour,1,1,0,2026-05-03 18:25:41.445906+00
26283f0e-08d9-4928-9e94-0842881d3ab9,129090e2-d446-4424-934a-2f39d73a5954,c525bc73-3c4c-411e-9949-803416e7d270,2026-04-18,2026-04-18,jour,1,0,0,2026-05-03 18:25:41.445906+00
f0b49a3e-6f12-42f9-ba73-ffd5678155b8,1b7086c6-922a-42b2-95e8-f10cac431ba6,15467316-9ed2-493e-b06b-2e11094fa96b,2026-04-18,2026-04-18,jour,3,1,0,2026-05-03 18:25:41.445906+00
9f4d74c1-0bda-492a-99fa-491dada601cf,1b7086c6-922a-42b2-95e8-f10cac431ba6,1b181444-e6ff-4e16-a738-8dfe9b2d9e45,2026-04-18,2026-04-18,jour,1,0,0,2026-05-03 18:25:41.445906+00
c488f1bc-b466-4079-b93f-ef55e8577cf8,1b7086c6-922a-42b2-95e8-f10cac431ba6,4739e15d-80c0-41f6-a1c2-78044861b72a,2026-04-18,2026-04-18,jour,1,0,0,2026-05-03 18:25:41.445906+00
e6596b8e-c458-48b5-a360-1ce72665cb91,1b7086c6-922a-42b2-95e8-f10cac431ba6,743fb064-83e3-46cd-8429-f51a2f31642b,2026-04-18,2026-04-18,jour,1,1,0,2026-05-03 18:25:41.445906+00
6a24473b-f3a7-4a64-9ab6-13171e556da4,1b7086c6-922a-42b2-95e8-f10cac431ba6,9745e1c7-0b49-4779-9301-7e8449f0e7d7,2026-04-18,2026-04-18,jour,1,0,0,2026-05-03 18:25:41.445906+00
9075e138-09dd-43d9-b470-3f7574a0f97b,6adfe150-0752-4f5e-90ea-28d25d769b49,743fb064-83e3-46cd-8429-f51a2f31642b,2026-04-18,2026-04-18,jour,1,0,0,2026-05-03 18:25:41.445906+00
7faa5f45-c456-46e5-9890-b1274bccb375,6adfe150-0752-4f5e-90ea-28d25d769b49,7707c6cc-b462-4548-8c1d-23bd4539bb11,2026-04-18,2026-04-18,jour,1,1,0,2026-05-03 18:25:41.445906+00
94a21bff-30d5-4ba6-afa5-95fb24762b9b,cfb8af80-d40b-46dc-9519-78ba7567cda8,743fb064-83e3-46cd-8429-f51a2f31642b,2026-04-18,2026-04-18,jour,1,1,0,2026-05-03 18:25:41.445906+00
59ef5ae6-28c5-466b-b10d-1beca16eef34,cfb8af80-d40b-46dc-9519-78ba7567cda8,c525bc73-3c4c-411e-9949-803416e7d270,2026-04-18,2026-04-18,jour,1,0,0,2026-05-03 18:25:41.445906+00
0fa82778-23c0-47cf-b718-5db8b905e698,05846018-a68b-4415-a429-3afafdb2b6b8,15467316-9ed2-493e-b06b-2e11094fa96b,2026-04-20,2026-04-20,jour,2,2,0,2026-05-03 18:25:41.445906+00
2c288c4c-d527-49c1-a31a-cda61c9100ac,05846018-a68b-4415-a429-3afafdb2b6b8,3dd1b7e2-0cba-420f-b95f-11315affd3df,2026-04-20,2026-04-20,jour,1,0,0,2026-05-03 18:25:41.445906+00
df77f7f0-6c4c-4686-9807-b042cefa59a1,05846018-a68b-4415-a429-3afafdb2b6b8,743fb064-83e3-46cd-8429-f51a2f31642b,2026-04-20,2026-04-20,jour,1,1,0,2026-05-03 18:25:41.445906+00
5ab8facc-d894-4264-8f29-09bddd095a17,05846018-a68b-4415-a429-3afafdb2b6b8,d977d9a5-48fd-415e-b31d-02f6bea0be79,2026-04-20,2026-04-20,jour,1,0,0,2026-05-03 18:25:41.445906+00
99079eab-cb06-4de0-96c5-34be76971f6c,129090e2-d446-4424-934a-2f39d73a5954,1b181444-e6ff-4e16-a738-8dfe9b2d9e45,2026-04-20,2026-04-20,jour,1,0,0,2026-05-03 18:25:41.445906+00
edd4aff3-e6f3-47c5-b2fc-8177aa3fa0ab,129090e2-d446-4424-934a-2f39d73a5954,743fb064-83e3-46cd-8429-f51a2f31642b,2026-04-20,2026-04-20,jour,6,4,0,2026-05-03 18:25:41.445906+00
8dcd8138-ef3c-4e16-b247-5d0cd2217427,129090e2-d446-4424-934a-2f39d73a5954,8388621a-ed33-4c67-83dc-dbcea84b0f5e,2026-04-20,2026-04-20,jour,1,0,0,2026-05-03 18:25:41.445906+00
ea91db80-fa45-402a-a7ad-8bd637221481,129090e2-d446-4424-934a-2f39d73a5954,b8b8bfd7-3826-4066-8698-0c86fd8d5807,2026-04-20,2026-04-20,jour,1,0,0,2026-05-03 18:25:41.445906+00
ba0c16df-8065-42d3-afce-5fb985ef8a8f,129090e2-d446-4424-934a-2f39d73a5954,d977d9a5-48fd-415e-b31d-02f6bea0be79,2026-04-20,2026-04-20,jour,1,0,0,2026-05-03 18:25:41.445906+00
4e9d21c5-47c1-490d-bc24-9ac5c58f5c00,1b7086c6-922a-42b2-95e8-f10cac431ba6,1b181444-e6ff-4e16-a738-8dfe9b2d9e45,2026-04-20,2026-04-20,jour,2,1,0,2026-05-03 18:25:41.445906+00
a8f5d794-d088-428a-b37a-4c9011138c3a,1b7086c6-922a-42b2-95e8-f10cac431ba6,3d2412d8-7795-4738-8754-59af09a8f512,2026-04-20,2026-04-20,jour,5,0,0,2026-05-03 18:25:41.445906+00
dc403b9e-3df4-4b4e-b634-09df0a9592ad,1b7086c6-922a-42b2-95e8-f10cac431ba6,4739e15d-80c0-41f6-a1c2-78044861b72a,2026-04-20,2026-04-20,jour,1,0,0,2026-05-03 18:25:41.445906+00
9664884d-5eef-48da-8ba7-57b002829c34,1b7086c6-922a-42b2-95e8-f10cac431ba6,743fb064-83e3-46cd-8429-f51a2f31642b,2026-04-20,2026-04-20,jour,1,1,0,2026-05-03 18:25:41.445906+00
bad7a439-b7c3-4780-a39b-59aec4e6340d,1b7086c6-922a-42b2-95e8-f10cac431ba6,8388621a-ed33-4c67-83dc-dbcea84b0f5e,2026-04-20,2026-04-20,jour,1,0,0,2026-05-03 18:25:41.445906+00
e665783d-f3a7-452e-9fe4-c4be31b17579,1b7086c6-922a-42b2-95e8-f10cac431ba6,ab85b38e-5fb2-44f0-ade9-d2e0019be123,2026-04-20,2026-04-20,jour,2,0,0,2026-05-03 18:25:41.445906+00
0343ff16-0937-45ca-bff4-c4684eb53ed7,6adfe150-0752-4f5e-90ea-28d25d769b49,15467316-9ed2-493e-b06b-2e11094fa96b,2026-04-20,2026-04-20,jour,1,0,0,2026-05-03 18:25:41.445906+00
eec31a47-e808-4c4f-8449-4de26e09501d,6adfe150-0752-4f5e-90ea-28d25d769b49,1b181444-e6ff-4e16-a738-8dfe9b2d9e45,2026-04-20,2026-04-20,jour,4,1,0,2026-05-03 18:25:41.445906+00
2d7fd673-e2e7-4f0f-ac73-246299289545,6adfe150-0752-4f5e-90ea-28d25d769b49,4739e15d-80c0-41f6-a1c2-78044861b72a,2026-04-20,2026-04-20,jour,1,0,0,2026-05-03 18:25:41.445906+00
a34509cb-1154-44ab-bebe-07664a3757a8,6adfe150-0752-4f5e-90ea-28d25d769b49,743fb064-83e3-46cd-8429-f51a2f31642b,2026-04-20,2026-04-20,jour,1,0,0,2026-05-03 18:25:41.445906+00
e781da95-f8fd-493c-95d1-6f09b8675a18,6adfe150-0752-4f5e-90ea-28d25d769b49,b8b8bfd7-3826-4066-8698-0c86fd8d5807,2026-04-20,2026-04-20,jour,2,0,0,2026-05-03 18:25:41.445906+00
f3e1e9e5-eb80-478c-bb47-3990c19ca8f9,6adfe150-0752-4f5e-90ea-28d25d769b49,c525bc73-3c4c-411e-9949-803416e7d270,2026-04-20,2026-04-20,jour,1,1,0,2026-05-03 18:25:41.445906+00
cb6fa73f-7b37-4fc8-ac54-b4240ba06e1e,cfb8af80-d40b-46dc-9519-78ba7567cda8,1b181444-e6ff-4e16-a738-8dfe9b2d9e45,2026-04-20,2026-04-20,jour,1,0,0,2026-05-03 18:25:41.445906+00
de7672fd-489d-472a-b460-25679fc518a2,cfb8af80-d40b-46dc-9519-78ba7567cda8,9745e1c7-0b49-4779-9301-7e8449f0e7d7,2026-04-20,2026-04-20,jour,1,1,0,2026-05-03 18:25:41.445906+00
203173b4-e3b8-4932-9141-00025f657e77,cfb8af80-d40b-46dc-9519-78ba7567cda8,ab85b38e-5fb2-44f0-ade9-d2e0019be123,2026-04-20,2026-04-20,jour,2,0,0,2026-05-03 18:25:41.445906+00
81188160-5a83-4c9e-8f3b-dac745a2da84,cfb8af80-d40b-46dc-9519-78ba7567cda8,b8b8bfd7-3826-4066-8698-0c86fd8d5807,2026-04-20,2026-04-20,jour,1,0,0,2026-05-03 18:25:41.445906+00
dde76c05-daea-4a8f-96c5-81ae809b5660,cfb8af80-d40b-46dc-9519-78ba7567cda8,c525bc73-3c4c-411e-9949-803416e7d270,2026-04-20,2026-04-20,jour,1,0,0,2026-05-03 18:25:41.445906+00
1748959f-9608-47ef-a9c9-31a08e6d099d,dc5100ac-b5ad-4705-b3e6-45fb04d1ff64,0bd18562-61aa-43cc-8484-3310a0822b5e,2026-04-20,2026-04-20,jour,1,0,0,2026-05-03 18:25:41.445906+00
f7d8cbf6-8cd5-4f6b-b18b-8e2a13a47bdf,dc5100ac-b5ad-4705-b3e6-45fb04d1ff64,0d087b99-4dd1-4cb0-aea9-568efd0e7374,2026-04-20,2026-04-20,jour,1,0,0,2026-05-03 18:25:41.445906+00
3ccecf23-4de0-43aa-9097-2cd6efb85aa3,dc5100ac-b5ad-4705-b3e6-45fb04d1ff64,15467316-9ed2-493e-b06b-2e11094fa96b,2026-04-20,2026-04-20,jour,3,0,0,2026-05-03 18:25:41.445906+00
47b0e79e-1042-4eb4-a5ae-cbcb92ae34d8,dc5100ac-b5ad-4705-b3e6-45fb04d1ff64,1b9201a1-9333-4725-8e38-e9297777745b,2026-04-20,2026-04-20,jour,1,1,0,2026-05-03 18:25:41.445906+00
a765c7a0-7240-4cb4-8110-a1568cfc64e5,dc5100ac-b5ad-4705-b3e6-45fb04d1ff64,3d2412d8-7795-4738-8754-59af09a8f512,2026-04-20,2026-04-20,jour,3,1,0,2026-05-03 18:25:41.445906+00
fbcae708-e102-429e-9710-cb08d69b2490,dc5100ac-b5ad-4705-b3e6-45fb04d1ff64,743fb064-83e3-46cd-8429-f51a2f31642b,2026-04-20,2026-04-20,jour,3,0,0,2026-05-03 18:25:41.445906+00
f65583c4-e318-46c0-90b5-2c13a7be1a2e,dc5100ac-b5ad-4705-b3e6-45fb04d1ff64,8388621a-ed33-4c67-83dc-dbcea84b0f5e,2026-04-20,2026-04-20,jour,4,0,0,2026-05-03 18:25:41.445906+00
a12fa9e1-9a94-44ab-b218-4bcf4e007b96,dc5100ac-b5ad-4705-b3e6-45fb04d1ff64,b8b8bfd7-3826-4066-8698-0c86fd8d5807,2026-04-20,2026-04-20,jour,1,0,0,2026-05-03 18:25:41.445906+00
d21b785f-6f63-482b-ac8a-c0c710c2ccc3,dc5100ac-b5ad-4705-b3e6-45fb04d1ff64,c525bc73-3c4c-411e-9949-803416e7d270,2026-04-20,2026-04-20,jour,2,0,2,2026-05-03 18:25:41.445906+00
8eef75b1-b354-41ab-a7c4-06f16b74c769,dc5100ac-b5ad-4705-b3e6-45fb04d1ff64,d737c6ed-658a-4a1f-b724-043895197726,2026-04-20,2026-04-20,jour,1,0,0,2026-05-03 18:25:41.445906+00
30c90b8a-6bd8-4b57-ad3b-d874b2c63657,dc5100ac-b5ad-4705-b3e6-45fb04d1ff64,d977d9a5-48fd-415e-b31d-02f6bea0be79,2026-04-20,2026-04-20,jour,1,0,0,2026-05-03 18:25:41.445906+00
e5bc66a2-0be1-4574-977b-becb43789265,dc5100ac-b5ad-4705-b3e6-45fb04d1ff64,e3f97cb9-fc81-410f-a1a4-0d486638326e,2026-04-20,2026-04-20,jour,1,0,0,2026-05-03 18:25:41.445906+00
eb5b05c7-b9cf-45bd-84c9-0bf06a8f4565,dc5100ac-b5ad-4705-b3e6-45fb04d1ff64,e87e531e-820e-4f39-8fd7-5fa00cf0671e,2026-04-20,2026-04-20,jour,1,1,0,2026-05-03 18:25:41.445906+00
90bde0c6-4377-47a2-be22-29f6ea1bd13b,05846018-a68b-4415-a429-3afafdb2b6b8,15467316-9ed2-493e-b06b-2e11094fa96b,2026-04-21,2026-04-21,jour,1,1,0,2026-05-03 18:25:41.445906+00
161cb25a-37fc-46e5-ab1a-c9290bd4d652,05846018-a68b-4415-a429-3afafdb2b6b8,3dd1b7e2-0cba-420f-b95f-11315affd3df,2026-04-21,2026-04-21,jour,1,1,0,2026-05-03 18:25:41.445906+00
26fa84a6-ef32-41f1-931d-513829762784,05846018-a68b-4415-a429-3afafdb2b6b8,743fb064-83e3-46cd-8429-f51a2f31642b,2026-04-21,2026-04-21,jour,1,0,0,2026-05-03 18:25:41.445906+00
848400d7-a44d-40df-9b5c-befbe1a50e49,05846018-a68b-4415-a429-3afafdb2b6b8,ab85b38e-5fb2-44f0-ade9-d2e0019be123,2026-04-21,2026-04-21,jour,1,1,0,2026-05-03 18:25:41.445906+00
14164892-6c28-4f5b-9b06-f27c8b9008f1,05846018-a68b-4415-a429-3afafdb2b6b8,b8b8bfd7-3826-4066-8698-0c86fd8d5807,2026-04-21,2026-04-21,jour,2,0,0,2026-05-03 18:25:41.445906+00
0a529957-2c39-4cec-a563-0a87c9649f0d,05846018-a68b-4415-a429-3afafdb2b6b8,c525bc73-3c4c-411e-9949-803416e7d270,2026-04-21,2026-04-21,jour,2,1,0,2026-05-03 18:25:41.445906+00
9d8cbbdc-37f2-4d4a-a87f-d5a63aecd0c6,129090e2-d446-4424-934a-2f39d73a5954,15467316-9ed2-493e-b06b-2e11094fa96b,2026-04-21,2026-04-21,jour,1,0,0,2026-05-03 18:25:41.445906+00
a12951d3-f3ec-4bf3-8b39-69eef1eed269,129090e2-d446-4424-934a-2f39d73a5954,1b181444-e6ff-4e16-a738-8dfe9b2d9e45,2026-04-21,2026-04-21,jour,1,0,0,2026-05-03 18:25:41.445906+00
bd3e47f4-f530-4618-81a5-0d1d61ce9dbb,129090e2-d446-4424-934a-2f39d73a5954,4739e15d-80c0-41f6-a1c2-78044861b72a,2026-04-21,2026-04-21,jour,1,0,0,2026-05-03 18:25:41.445906+00
16dabfc2-c7d6-4838-94c1-bbbcd840463e,129090e2-d446-4424-934a-2f39d73a5954,743fb064-83e3-46cd-8429-f51a2f31642b,2026-04-21,2026-04-21,jour,5,0,0,2026-05-03 18:25:41.445906+00
d27fb898-8055-413a-8626-167129301c71,129090e2-d446-4424-934a-2f39d73a5954,7707c6cc-b462-4548-8c1d-23bd4539bb11,2026-04-21,2026-04-21,jour,1,0,0,2026-05-03 18:25:41.445906+00
a6813a60-f91c-4ea5-9eea-b2fc3ec29ff3,129090e2-d446-4424-934a-2f39d73a5954,ab85b38e-5fb2-44f0-ade9-d2e0019be123,2026-04-21,2026-04-21,jour,1,0,0,2026-05-03 18:25:41.445906+00
7faa2f24-819a-4e44-99af-79b12277d8d0,129090e2-d446-4424-934a-2f39d73a5954,b8b8bfd7-3826-4066-8698-0c86fd8d5807,2026-04-21,2026-04-21,jour,2,0,0,2026-05-03 18:25:41.445906+00
b0485a4b-3501-4707-8a3e-71a01672c4c2,129090e2-d446-4424-934a-2f39d73a5954,c525bc73-3c4c-411e-9949-803416e7d270,2026-04-21,2026-04-21,jour,2,1,0,2026-05-03 18:25:41.445906+00
7c8f16f7-36b6-4680-b857-6f1eadcb8862,1b7086c6-922a-42b2-95e8-f10cac431ba6,15467316-9ed2-493e-b06b-2e11094fa96b,2026-04-21,2026-04-21,jour,1,0,0,2026-05-03 18:25:41.445906+00
3d4cc41a-cc74-4c65-a419-7f0a411f34f3,1b7086c6-922a-42b2-95e8-f10cac431ba6,3d2412d8-7795-4738-8754-59af09a8f512,2026-04-21,2026-04-21,jour,1,0,0,2026-05-03 18:25:41.445906+00
701a60a7-881e-4c4c-9f91-6aae48081835,1b7086c6-922a-42b2-95e8-f10cac431ba6,743fb064-83e3-46cd-8429-f51a2f31642b,2026-04-21,2026-04-21,jour,4,2,0,2026-05-03 18:25:41.445906+00
f444c113-c820-4e4c-9bef-87b0848f5d05,1b7086c6-922a-42b2-95e8-f10cac431ba6,8388621a-ed33-4c67-83dc-dbcea84b0f5e,2026-04-21,2026-04-21,jour,1,0,0,2026-05-03 18:25:41.445906+00
464991db-0abe-4134-abc7-024a3d8bb0ed,6adfe150-0752-4f5e-90ea-28d25d769b49,15467316-9ed2-493e-b06b-2e11094fa96b,2026-04-21,2026-04-21,jour,3,1,0,2026-05-03 18:25:41.445906+00
c0349d80-1579-4d33-9fad-627b9eab6bcf,6adfe150-0752-4f5e-90ea-28d25d769b49,1b181444-e6ff-4e16-a738-8dfe9b2d9e45,2026-04-21,2026-04-21,jour,4,0,0,2026-05-03 18:25:41.445906+00
f3fa1562-d3dc-4d39-b912-8d2c7fc0529e,6adfe150-0752-4f5e-90ea-28d25d769b49,3d2412d8-7795-4738-8754-59af09a8f512,2026-04-21,2026-04-21,jour,1,0,0,2026-05-03 18:25:41.445906+00
f6ced0a6-79f6-4f9f-9c37-332586c10a5b,6adfe150-0752-4f5e-90ea-28d25d769b49,743fb064-83e3-46cd-8429-f51a2f31642b,2026-04-21,2026-04-21,jour,1,0,0,2026-05-03 18:25:41.445906+00
bee20e22-5676-4a1a-8ac9-b177d5b0b1b8,6adfe150-0752-4f5e-90ea-28d25d769b49,7707c6cc-b462-4548-8c1d-23bd4539bb11,2026-04-21,2026-04-21,jour,2,1,0,2026-05-03 18:25:41.445906+00
18d5311c-b35b-44fd-92bd-d73c925e8962,6adfe150-0752-4f5e-90ea-28d25d769b49,8388621a-ed33-4c67-83dc-dbcea84b0f5e,2026-04-21,2026-04-21,jour,3,0,0,2026-05-03 18:25:41.445906+00
e1bc40da-4475-4d03-adad-c1cb6aba63a2,6adfe150-0752-4f5e-90ea-28d25d769b49,b8b8bfd7-3826-4066-8698-0c86fd8d5807,2026-04-21,2026-04-21,jour,2,0,0,2026-05-03 18:25:41.445906+00
1c35440e-def3-4bed-84de-a480b1f86d1b,cfb8af80-d40b-46dc-9519-78ba7567cda8,15467316-9ed2-493e-b06b-2e11094fa96b,2026-04-21,2026-04-21,jour,1,0,0,2026-05-03 18:25:41.445906+00
fe68e853-580d-4a1b-bed7-99ff6567c7ba,cfb8af80-d40b-46dc-9519-78ba7567cda8,1b181444-e6ff-4e16-a738-8dfe9b2d9e45,2026-04-21,2026-04-21,jour,1,0,0,2026-05-03 18:25:41.445906+00
b318a305-6208-437d-ae6e-92114e761b04,cfb8af80-d40b-46dc-9519-78ba7567cda8,4739e15d-80c0-41f6-a1c2-78044861b72a,2026-04-21,2026-04-21,jour,1,0,0,2026-05-03 18:25:41.445906+00
9460ae45-6e3a-4943-8c6d-0a0c534fb933,cfb8af80-d40b-46dc-9519-78ba7567cda8,743fb064-83e3-46cd-8429-f51a2f31642b,2026-04-21,2026-04-21,jour,4,0,0,2026-05-03 18:25:41.445906+00
c3262578-c8e2-41a4-9944-7cdf14cc1812,cfb8af80-d40b-46dc-9519-78ba7567cda8,8388621a-ed33-4c67-83dc-dbcea84b0f5e,2026-04-21,2026-04-21,jour,2,0,0,2026-05-03 18:25:41.445906+00
e53daa07-9df4-45a7-9bde-6f00b40af331,cfb8af80-d40b-46dc-9519-78ba7567cda8,c525bc73-3c4c-411e-9949-803416e7d270,2026-04-21,2026-04-21,jour,1,0,0,2026-05-03 18:25:41.445906+00
190df665-3d06-46d3-a353-27ac828eff22,dc5100ac-b5ad-4705-b3e6-45fb04d1ff64,0bd18562-61aa-43cc-8484-3310a0822b5e,2026-04-21,2026-04-21,jour,1,0,0,2026-05-03 18:25:41.445906+00
ab72f383-c069-49bd-83b2-2eb4c6e4325f,dc5100ac-b5ad-4705-b3e6-45fb04d1ff64,15467316-9ed2-493e-b06b-2e11094fa96b,2026-04-21,2026-04-21,jour,4,0,0,2026-05-03 18:25:41.445906+00
1c813d9f-2fb8-4bda-892f-c9800299f2ed,dc5100ac-b5ad-4705-b3e6-45fb04d1ff64,1b181444-e6ff-4e16-a738-8dfe9b2d9e45,2026-04-21,2026-04-21,jour,2,0,0,2026-05-03 18:25:41.445906+00
a3155e31-b957-4df1-9ef8-36b483951ba3,dc5100ac-b5ad-4705-b3e6-45fb04d1ff64,3d2412d8-7795-4738-8754-59af09a8f512,2026-04-21,2026-04-21,jour,2,1,0,2026-05-03 18:25:41.445906+00
e3a33abb-16a9-4ba3-9414-6171bacb87a6,dc5100ac-b5ad-4705-b3e6-45fb04d1ff64,4739e15d-80c0-41f6-a1c2-78044861b72a,2026-04-21,2026-04-21,jour,2,2,0,2026-05-03 18:25:41.445906+00
1fe9492b-7c38-46c5-a01a-2e614404fc0e,dc5100ac-b5ad-4705-b3e6-45fb04d1ff64,743fb064-83e3-46cd-8429-f51a2f31642b,2026-04-21,2026-04-21,jour,2,1,0,2026-05-03 18:25:41.445906+00
0fa75d91-b1c3-488a-aa7a-5f9fc4722c64,dc5100ac-b5ad-4705-b3e6-45fb04d1ff64,8388621a-ed33-4c67-83dc-dbcea84b0f5e,2026-04-21,2026-04-21,jour,2,1,0,2026-05-03 18:25:41.445906+00
f97b885a-bb7b-4dbf-a0c7-c2b79f81058d,dc5100ac-b5ad-4705-b3e6-45fb04d1ff64,ab85b38e-5fb2-44f0-ade9-d2e0019be123,2026-04-21,2026-04-21,jour,2,0,0,2026-05-03 18:25:41.445906+00
13323174-e345-4cec-a9f1-eb60816398af,dc5100ac-b5ad-4705-b3e6-45fb04d1ff64,d737c6ed-658a-4a1f-b724-043895197726,2026-04-21,2026-04-21,jour,1,0,0,2026-05-03 18:25:41.445906+00
58f242fa-7571-4b95-93d2-7e2389d1b48d,dc5100ac-b5ad-4705-b3e6-45fb04d1ff64,e3f97cb9-fc81-410f-a1a4-0d486638326e,2026-04-21,2026-04-21,jour,2,0,0,2026-05-03 18:25:41.445906+00
614091a5-2f88-4745-a1c5-da8f1297106d,dc5100ac-b5ad-4705-b3e6-45fb04d1ff64,e87e531e-820e-4f39-8fd7-5fa00cf0671e,2026-04-21,2026-04-21,jour,1,1,0,2026-05-03 18:25:41.445906+00
4ab2a2f3-d52d-4348-b704-bf5f41b783d0,05846018-a68b-4415-a429-3afafdb2b6b8,15467316-9ed2-493e-b06b-2e11094fa96b,2026-04-22,2026-04-22,jour,2,0,0,2026-05-03 18:25:41.445906+00
6d8b18d3-85c2-4b3d-b993-e53996f105e4,05846018-a68b-4415-a429-3afafdb2b6b8,743fb064-83e3-46cd-8429-f51a2f31642b,2026-04-22,2026-04-22,jour,1,0,0,2026-05-03 18:25:41.445906+00
ef1678fc-4f87-4b1a-94c6-e29e91e9d403,129090e2-d446-4424-934a-2f39d73a5954,15467316-9ed2-493e-b06b-2e11094fa96b,2026-04-22,2026-04-22,jour,3,0,0,2026-05-03 18:25:41.445906+00
ac0d6c74-d760-4d4a-a49a-ef2cbcc1fc54,129090e2-d446-4424-934a-2f39d73a5954,1b181444-e6ff-4e16-a738-8dfe9b2d9e45,2026-04-22,2026-04-22,jour,1,0,0,2026-05-03 18:25:41.445906+00
f8aa9366-2a78-4802-9cc1-050863f85b28,129090e2-d446-4424-934a-2f39d73a5954,743fb064-83e3-46cd-8429-f51a2f31642b,2026-04-22,2026-04-22,jour,4,0,0,2026-05-03 18:25:41.445906+00
4b38e78e-acda-4d6c-abfd-986046b3566d,129090e2-d446-4424-934a-2f39d73a5954,8388621a-ed33-4c67-83dc-dbcea84b0f5e,2026-04-22,2026-04-22,jour,2,0,0,2026-05-03 18:25:41.445906+00
aee4f27a-c532-42e5-840a-f905759bc34f,129090e2-d446-4424-934a-2f39d73a5954,b8b8bfd7-3826-4066-8698-0c86fd8d5807,2026-04-22,2026-04-22,jour,1,0,0,2026-05-03 18:25:41.445906+00
47265739-2c44-4a56-baac-b5a638d14685,129090e2-d446-4424-934a-2f39d73a5954,c525bc73-3c4c-411e-9949-803416e7d270,2026-04-22,2026-04-22,jour,2,0,0,2026-05-03 18:25:41.445906+00
6983bacb-69eb-460b-b2aa-c5d11c7125df,129090e2-d446-4424-934a-2f39d73a5954,d977d9a5-48fd-415e-b31d-02f6bea0be79,2026-04-22,2026-04-22,jour,2,0,0,2026-05-03 18:25:41.445906+00
5d187627-2707-4b66-85d7-e3fe3d6fce0c,1b7086c6-922a-42b2-95e8-f10cac431ba6,0d087b99-4dd1-4cb0-aea9-568efd0e7374,2026-04-22,2026-04-22,jour,3,0,0,2026-05-03 18:25:41.445906+00
8df1c6cb-bffd-4c78-a530-cbc93b2985e4,1b7086c6-922a-42b2-95e8-f10cac431ba6,15467316-9ed2-493e-b06b-2e11094fa96b,2026-04-22,2026-04-22,jour,6,0,0,2026-05-03 18:25:41.445906+00
77749f39-56e6-4d4d-bd5b-9e664254f8c2,1b7086c6-922a-42b2-95e8-f10cac431ba6,3d2412d8-7795-4738-8754-59af09a8f512,2026-04-22,2026-04-22,jour,1,0,0,2026-05-03 18:25:41.445906+00
37529657-1b77-4eae-9d13-761f98df79ff,1b7086c6-922a-42b2-95e8-f10cac431ba6,743fb064-83e3-46cd-8429-f51a2f31642b,2026-04-22,2026-04-22,jour,6,2,0,2026-05-03 18:25:41.445906+00
f49ba5f5-26fd-485f-975c-0642190fb7cc,1b7086c6-922a-42b2-95e8-f10cac431ba6,8388621a-ed33-4c67-83dc-dbcea84b0f5e,2026-04-22,2026-04-22,jour,1,0,0,2026-05-03 18:25:41.445906+00
c2abc946-7578-4ec0-be37-1052ef35598a,1b7086c6-922a-42b2-95e8-f10cac431ba6,a5682552-3c7e-42b2-bb03-d4d123da52ef,2026-04-22,2026-04-22,jour,1,0,0,2026-05-03 18:25:41.445906+00
c9e40c03-e65b-46a8-8e83-d3bc7028cc34,1b7086c6-922a-42b2-95e8-f10cac431ba6,c525bc73-3c4c-411e-9949-803416e7d270,2026-04-22,2026-04-22,jour,2,0,0,2026-05-03 18:25:41.445906+00
c7ac1956-82a9-4adf-be3e-cda2740ece54,6adfe150-0752-4f5e-90ea-28d25d769b49,15467316-9ed2-493e-b06b-2e11094fa96b,2026-04-22,2026-04-22,jour,8,1,0,2026-05-03 18:25:41.445906+00
d68232a4-670b-4ba6-837f-8d399dc2e06e,6adfe150-0752-4f5e-90ea-28d25d769b49,1b181444-e6ff-4e16-a738-8dfe9b2d9e45,2026-04-22,2026-04-22,jour,2,1,0,2026-05-03 18:25:41.445906+00
c55dac77-5e96-44e6-9cfd-c8cd51e938fa,6adfe150-0752-4f5e-90ea-28d25d769b49,4739e15d-80c0-41f6-a1c2-78044861b72a,2026-04-22,2026-04-22,jour,1,0,0,2026-05-03 18:25:41.445906+00
18c65c99-c602-40f7-8b59-d1593e0f6efd,6adfe150-0752-4f5e-90ea-28d25d769b49,743fb064-83e3-46cd-8429-f51a2f31642b,2026-04-22,2026-04-22,jour,5,1,0,2026-05-03 18:25:41.445906+00
7ab3e260-75f7-4a10-85aa-9a466e120c02,6adfe150-0752-4f5e-90ea-28d25d769b49,b8b8bfd7-3826-4066-8698-0c86fd8d5807,2026-04-22,2026-04-22,jour,1,0,0,2026-05-03 18:25:41.445906+00
bd415b85-889c-41be-a234-2771fa2e38f6,6adfe150-0752-4f5e-90ea-28d25d769b49,c525bc73-3c4c-411e-9949-803416e7d270,2026-04-22,2026-04-22,jour,2,0,0,2026-05-03 18:25:41.445906+00
93f46e1f-e2e7-4eb4-ba1c-e1f0077d3d8c,6adfe150-0752-4f5e-90ea-28d25d769b49,e1ea46ac-2422-4bd4-a2ac-58a47096b187,2026-04-22,2026-04-22,jour,1,0,0,2026-05-03 18:25:41.445906+00
f0da6ba3-3225-456e-9054-78c1d7892243,cfb8af80-d40b-46dc-9519-78ba7567cda8,15467316-9ed2-493e-b06b-2e11094fa96b,2026-04-22,2026-04-22,jour,2,0,0,2026-05-03 18:25:41.445906+00
705b2f5e-4532-4cc3-b1bf-55014266e4e1,cfb8af80-d40b-46dc-9519-78ba7567cda8,1b181444-e6ff-4e16-a738-8dfe9b2d9e45,2026-04-22,2026-04-22,jour,1,0,1,2026-05-03 18:25:41.445906+00
f4544df3-3111-4a4d-ad80-b26232f876b0,cfb8af80-d40b-46dc-9519-78ba7567cda8,2967fdd5-ab82-433d-a6c4-1b8113e67a09,2026-04-22,2026-04-22,jour,1,0,0,2026-05-03 18:25:41.445906+00
e76036ba-83d9-4ba2-9883-b5d90987293f,cfb8af80-d40b-46dc-9519-78ba7567cda8,743fb064-83e3-46cd-8429-f51a2f31642b,2026-04-22,2026-04-22,jour,2,0,0,2026-05-03 18:25:41.445906+00
dba64bdd-18f1-436f-b609-75d504207e94,cfb8af80-d40b-46dc-9519-78ba7567cda8,8388621a-ed33-4c67-83dc-dbcea84b0f5e,2026-04-22,2026-04-22,jour,1,0,0,2026-05-03 18:25:41.445906+00
ff61ea67-28f0-434f-97d3-bff80b6a4669,cfb8af80-d40b-46dc-9519-78ba7567cda8,b8b8bfd7-3826-4066-8698-0c86fd8d5807,2026-04-22,2026-04-22,jour,3,1,0,2026-05-03 18:25:41.445906+00
1ce6d012-6b56-43df-bf7c-b49c73a73c13,cfb8af80-d40b-46dc-9519-78ba7567cda8,e87e531e-820e-4f39-8fd7-5fa00cf0671e,2026-04-22,2026-04-22,jour,1,1,0,2026-05-03 18:25:41.445906+00
d8da6120-0344-41e1-a6ec-a5b2a8d54cf5,dc5100ac-b5ad-4705-b3e6-45fb04d1ff64,0d087b99-4dd1-4cb0-aea9-568efd0e7374,2026-04-22,2026-04-22,jour,1,1,0,2026-05-03 18:25:41.445906+00
3a9cf0b7-392e-4a9a-a6b1-a48d081913ba,dc5100ac-b5ad-4705-b3e6-45fb04d1ff64,15467316-9ed2-493e-b06b-2e11094fa96b,2026-04-22,2026-04-22,jour,4,0,0,2026-05-03 18:25:41.445906+00
a383266f-da87-4793-84fa-8ad11a9cf634,dc5100ac-b5ad-4705-b3e6-45fb04d1ff64,1b181444-e6ff-4e16-a738-8dfe9b2d9e45,2026-04-22,2026-04-22,jour,3,1,0,2026-05-03 18:25:41.445906+00
bf905b2e-0004-46c9-bb1e-59dededbf2fd,dc5100ac-b5ad-4705-b3e6-45fb04d1ff64,743fb064-83e3-46cd-8429-f51a2f31642b,2026-04-22,2026-04-22,jour,3,1,0,2026-05-03 18:25:41.445906+00
c2d17d8b-0b03-45ca-ae3d-217dff179616,dc5100ac-b5ad-4705-b3e6-45fb04d1ff64,8388621a-ed33-4c67-83dc-dbcea84b0f5e,2026-04-22,2026-04-22,jour,2,1,0,2026-05-03 18:25:41.445906+00
a92561ab-13b8-48e8-84b7-9d50b33eefef,dc5100ac-b5ad-4705-b3e6-45fb04d1ff64,ab85b38e-5fb2-44f0-ade9-d2e0019be123,2026-04-22,2026-04-22,jour,1,0,0,2026-05-03 18:25:41.445906+00
fb169931-4bad-4270-a6eb-a35e499b23d2,dc5100ac-b5ad-4705-b3e6-45fb04d1ff64,b8b8bfd7-3826-4066-8698-0c86fd8d5807,2026-04-22,2026-04-22,jour,1,0,0,2026-05-03 18:25:41.445906+00
5dbde2fe-e23a-4d47-8bc6-8acf7c4814b1,dc5100ac-b5ad-4705-b3e6-45fb04d1ff64,c525bc73-3c4c-411e-9949-803416e7d270,2026-04-22,2026-04-22,jour,9,0,0,2026-05-03 18:25:41.445906+00
458ae6ff-6f38-44f1-9ebe-1110640e0cd3,dc5100ac-b5ad-4705-b3e6-45fb04d1ff64,e3f97cb9-fc81-410f-a1a4-0d486638326e,2026-04-22,2026-04-22,jour,1,0,0,2026-05-03 18:25:41.445906+00
4a075f48-3652-460c-bc7d-3a19b238af2c,dc5100ac-b5ad-4705-b3e6-45fb04d1ff64,e87e531e-820e-4f39-8fd7-5fa00cf0671e,2026-04-22,2026-04-22,jour,1,1,0,2026-05-03 18:25:41.445906+00
b957d314-c52b-418d-b406-0f8e2f1e0b40,129090e2-d446-4424-934a-2f39d73a5954,0bd18562-61aa-43cc-8484-3310a0822b5e,2026-04-23,2026-04-23,jour,1,0,0,2026-05-03 18:25:41.445906+00
cd74e124-32d0-4764-beea-16b5a3484b66,129090e2-d446-4424-934a-2f39d73a5954,15467316-9ed2-493e-b06b-2e11094fa96b,2026-04-23,2026-04-23,jour,6,0,0,2026-05-03 18:25:41.445906+00
98bf978a-703a-40b4-84f1-972e77433b48,129090e2-d446-4424-934a-2f39d73a5954,1b181444-e6ff-4e16-a738-8dfe9b2d9e45,2026-04-23,2026-04-23,jour,2,0,0,2026-05-03 18:25:41.445906+00
d83aacfc-0fb0-4590-b6c0-3dd985e9e755,129090e2-d446-4424-934a-2f39d73a5954,2967fdd5-ab82-433d-a6c4-1b8113e67a09,2026-04-23,2026-04-23,jour,1,0,0,2026-05-03 18:25:41.445906+00
7526745b-1289-4f7c-9b4e-ecca26846851,129090e2-d446-4424-934a-2f39d73a5954,743fb064-83e3-46cd-8429-f51a2f31642b,2026-04-23,2026-04-23,jour,1,0,0,2026-05-03 18:25:41.445906+00
fd9b26b6-5492-4746-a023-1282498b4141,129090e2-d446-4424-934a-2f39d73a5954,8388621a-ed33-4c67-83dc-dbcea84b0f5e,2026-04-23,2026-04-23,jour,1,0,0,2026-05-03 18:25:41.445906+00
6a643e60-f4ad-4794-821c-7c7e62394b22,129090e2-d446-4424-934a-2f39d73a5954,9745e1c7-0b49-4779-9301-7e8449f0e7d7,2026-04-23,2026-04-23,jour,1,0,0,2026-05-03 18:25:41.445906+00
61cb5d76-4cc0-4cc9-a53b-0a5743653ef4,129090e2-d446-4424-934a-2f39d73a5954,ab85b38e-5fb2-44f0-ade9-d2e0019be123,2026-04-23,2026-04-23,jour,2,0,0,2026-05-03 18:25:41.445906+00
da1aa939-cfe0-49ba-ba29-1f25dce5b0e7,1b7086c6-922a-42b2-95e8-f10cac431ba6,15467316-9ed2-493e-b06b-2e11094fa96b,2026-04-23,2026-04-23,jour,6,0,0,2026-05-03 18:25:41.445906+00
cede6a2f-d110-420b-9cb0-cb6d3e18c7d4,1b7086c6-922a-42b2-95e8-f10cac431ba6,743fb064-83e3-46cd-8429-f51a2f31642b,2026-04-23,2026-04-23,jour,2,0,0,2026-05-03 18:25:41.445906+00
3442e5bb-de86-4dac-8e04-5d40be33bcbd,1b7086c6-922a-42b2-95e8-f10cac431ba6,a5682552-3c7e-42b2-bb03-d4d123da52ef,2026-04-23,2026-04-23,jour,1,0,0,2026-05-03 18:25:41.445906+00
61a71e7f-c485-4cc9-a46a-6310f8eb9dbd,1b7086c6-922a-42b2-95e8-f10cac431ba6,ab85b38e-5fb2-44f0-ade9-d2e0019be123,2026-04-23,2026-04-23,jour,2,0,0,2026-05-03 18:25:41.445906+00
5b9a87c1-e92c-4a62-93d1-2bcb9f262238,1b7086c6-922a-42b2-95e8-f10cac431ba6,c525bc73-3c4c-411e-9949-803416e7d270,2026-04-23,2026-04-23,jour,1,0,0,2026-05-03 18:25:41.445906+00
5552d948-1a35-46a7-9242-750739d24382,6adfe150-0752-4f5e-90ea-28d25d769b49,15467316-9ed2-493e-b06b-2e11094fa96b,2026-04-23,2026-04-23,jour,7,0,0,2026-05-03 18:25:41.445906+00
f9869392-6424-4011-b706-613f526e3701,6adfe150-0752-4f5e-90ea-28d25d769b49,1b181444-e6ff-4e16-a738-8dfe9b2d9e45,2026-04-23,2026-04-23,jour,1,0,0,2026-05-03 18:25:41.445906+00
bcfac661-eaae-42f1-bbec-ecfde8ef4e9a,6adfe150-0752-4f5e-90ea-28d25d769b49,2967fdd5-ab82-433d-a6c4-1b8113e67a09,2026-04-23,2026-04-23,jour,1,0,0,2026-05-03 18:25:41.445906+00
0e07599a-14db-482f-b559-bdca303d01b3,6adfe150-0752-4f5e-90ea-28d25d769b49,3d2412d8-7795-4738-8754-59af09a8f512,2026-04-23,2026-04-23,jour,1,0,0,2026-05-03 18:25:41.445906+00
46d6e533-c1ee-45de-a287-329e33834f47,6adfe150-0752-4f5e-90ea-28d25d769b49,4739e15d-80c0-41f6-a1c2-78044861b72a,2026-04-23,2026-04-23,jour,1,0,0,2026-05-03 18:25:41.445906+00
da06f611-a254-4338-b397-af186cf93ffb,6adfe150-0752-4f5e-90ea-28d25d769b49,743fb064-83e3-46cd-8429-f51a2f31642b,2026-04-23,2026-04-23,jour,6,2,0,2026-05-03 18:25:41.445906+00
259e8545-257a-430c-b724-569a3029cb35,6adfe150-0752-4f5e-90ea-28d25d769b49,ab85b38e-5fb2-44f0-ade9-d2e0019be123,2026-04-23,2026-04-23,jour,2,0,0,2026-05-03 18:25:41.445906+00
9105cd38-fe71-4aff-af0f-e9c5e1c92249,6adfe150-0752-4f5e-90ea-28d25d769b49,b8b8bfd7-3826-4066-8698-0c86fd8d5807,2026-04-23,2026-04-23,jour,1,0,0,2026-05-03 18:25:41.445906+00
128d96b3-4f8d-45a4-9f8e-ef979d6a739a,6adfe150-0752-4f5e-90ea-28d25d769b49,c525bc73-3c4c-411e-9949-803416e7d270,2026-04-23,2026-04-23,jour,2,1,0,2026-05-03 18:25:41.445906+00
1d8ba49b-d8ba-44b5-8493-991c282c9079,6adfe150-0752-4f5e-90ea-28d25d769b49,d737c6ed-658a-4a1f-b724-043895197726,2026-04-23,2026-04-23,jour,2,1,0,2026-05-03 18:25:41.445906+00
9918813d-e846-4585-be85-67ed66d01062,6adfe150-0752-4f5e-90ea-28d25d769b49,e1ea46ac-2422-4bd4-a2ac-58a47096b187,2026-04-23,2026-04-23,jour,1,0,0,2026-05-03 18:25:41.445906+00
4faeed00-e38b-4f03-8c5c-f03ea76da9c2,6adfe150-0752-4f5e-90ea-28d25d769b49,e3f97cb9-fc81-410f-a1a4-0d486638326e,2026-04-23,2026-04-23,jour,1,0,0,2026-05-03 18:25:41.445906+00
aef6215e-4d85-4abd-9065-7edb8d72b96d,cfb8af80-d40b-46dc-9519-78ba7567cda8,15467316-9ed2-493e-b06b-2e11094fa96b,2026-04-23,2026-04-23,jour,1,0,0,2026-05-03 18:25:41.445906+00
44e4e46f-03bf-45e0-8b0c-b8c95a81cfe3,cfb8af80-d40b-46dc-9519-78ba7567cda8,1b181444-e6ff-4e16-a738-8dfe9b2d9e45,2026-04-23,2026-04-23,jour,1,0,0,2026-05-03 18:25:41.445906+00
03fc46ac-8748-4053-9a24-741d6a880437,cfb8af80-d40b-46dc-9519-78ba7567cda8,2967fdd5-ab82-433d-a6c4-1b8113e67a09,2026-04-23,2026-04-23,jour,1,0,0,2026-05-03 18:25:41.445906+00
cd10cf83-77b5-44a5-9e0b-2a42aaefb8d9,cfb8af80-d40b-46dc-9519-78ba7567cda8,743fb064-83e3-46cd-8429-f51a2f31642b,2026-04-23,2026-04-23,jour,1,0,0,2026-05-03 18:25:41.445906+00
c9171946-82e0-4b8a-8d5c-92de6bf73cda,cfb8af80-d40b-46dc-9519-78ba7567cda8,8388621a-ed33-4c67-83dc-dbcea84b0f5e,2026-04-23,2026-04-23,jour,1,0,0,2026-05-03 18:25:41.445906+00
8b7b0ee5-2eb1-419d-9f65-a863683eb08a,cfb8af80-d40b-46dc-9519-78ba7567cda8,c525bc73-3c4c-411e-9949-803416e7d270,2026-04-23,2026-04-23,jour,1,0,0,2026-05-03 18:25:41.445906+00
8a84dd50-6b10-4337-8883-41d2a86f1aef,dc5100ac-b5ad-4705-b3e6-45fb04d1ff64,0bd18562-61aa-43cc-8484-3310a0822b5e,2026-04-23,2026-04-23,jour,2,1,0,2026-05-03 18:25:41.445906+00
1a6f24f7-8f2a-4504-ad49-1ec279584bf7,dc5100ac-b5ad-4705-b3e6-45fb04d1ff64,15467316-9ed2-493e-b06b-2e11094fa96b,2026-04-23,2026-04-23,jour,6,2,0,2026-05-03 18:25:41.445906+00
2da1caa6-2385-4c5f-84d2-50cb6dff36f3,dc5100ac-b5ad-4705-b3e6-45fb04d1ff64,1b181444-e6ff-4e16-a738-8dfe9b2d9e45,2026-04-23,2026-04-23,jour,1,0,0,2026-05-03 18:25:41.445906+00
ca441f99-3e9f-4699-998d-5acfbbd14d30,dc5100ac-b5ad-4705-b3e6-45fb04d1ff64,743fb064-83e3-46cd-8429-f51a2f31642b,2026-04-23,2026-04-23,jour,1,0,0,2026-05-03 18:25:41.445906+00
f3047072-c4a6-4db3-899b-46497dbac3b2,dc5100ac-b5ad-4705-b3e6-45fb04d1ff64,ab85b38e-5fb2-44f0-ade9-d2e0019be123,2026-04-23,2026-04-23,jour,1,0,0,2026-05-03 18:25:41.445906+00
58ff595c-bd95-46c8-a207-0e78a8349152,dc5100ac-b5ad-4705-b3e6-45fb04d1ff64,c525bc73-3c4c-411e-9949-803416e7d270,2026-04-23,2026-04-23,jour,7,0,0,2026-05-03 18:25:41.445906+00
4083389a-2fab-4b5a-a2d5-02dd8689fa6d,05846018-a68b-4415-a429-3afafdb2b6b8,1b181444-e6ff-4e16-a738-8dfe9b2d9e45,2026-04-24,2026-04-24,jour,1,0,0,2026-05-03 18:25:41.445906+00
627b1957-4574-48e8-8194-a4638f99e3b8,05846018-a68b-4415-a429-3afafdb2b6b8,8388621a-ed33-4c67-83dc-dbcea84b0f5e,2026-04-24,2026-04-24,jour,1,0,0,2026-05-03 18:25:41.445906+00
b2afce65-1e2f-410b-9122-db113800cc03,05846018-a68b-4415-a429-3afafdb2b6b8,e1ea46ac-2422-4bd4-a2ac-58a47096b187,2026-04-24,2026-04-24,jour,1,1,0,2026-05-03 18:25:41.445906+00
8c6da9d4-75b9-4312-8947-ba01b5678c0c,129090e2-d446-4424-934a-2f39d73a5954,0bd18562-61aa-43cc-8484-3310a0822b5e,2026-04-24,2026-04-24,jour,1,1,0,2026-05-03 18:25:41.445906+00
0527d447-d38c-41cc-aeb9-ce81d1e3f5eb,129090e2-d446-4424-934a-2f39d73a5954,15467316-9ed2-493e-b06b-2e11094fa96b,2026-04-24,2026-04-24,jour,2,0,0,2026-05-03 18:25:41.445906+00
ccb37c8e-32d6-4506-8910-d84136983f5d,129090e2-d446-4424-934a-2f39d73a5954,2967fdd5-ab82-433d-a6c4-1b8113e67a09,2026-04-24,2026-04-24,jour,3,1,0,2026-05-03 18:25:41.445906+00
ac3849a1-16ac-49d6-898d-48513bf213a7,129090e2-d446-4424-934a-2f39d73a5954,4739e15d-80c0-41f6-a1c2-78044861b72a,2026-04-24,2026-04-24,jour,2,0,0,2026-05-03 18:25:41.445906+00
929ba60b-43fb-4d18-a928-47009649781c,129090e2-d446-4424-934a-2f39d73a5954,743fb064-83e3-46cd-8429-f51a2f31642b,2026-04-24,2026-04-24,jour,4,1,0,2026-05-03 18:25:41.445906+00
9f41cc6e-402e-458e-8a49-0df2da54acfc,129090e2-d446-4424-934a-2f39d73a5954,ab85b38e-5fb2-44f0-ade9-d2e0019be123,2026-04-24,2026-04-24,jour,3,0,0,2026-05-03 18:25:41.445906+00
3809c054-b24a-441a-ae7b-95113849dcdb,129090e2-d446-4424-934a-2f39d73a5954,b8b8bfd7-3826-4066-8698-0c86fd8d5807,2026-04-24,2026-04-24,jour,1,0,0,2026-05-03 18:25:41.445906+00
7bf32448-b461-4b3d-a5e1-aa1806f9b331,129090e2-d446-4424-934a-2f39d73a5954,c525bc73-3c4c-411e-9949-803416e7d270,2026-04-24,2026-04-24,jour,1,0,0,2026-05-03 18:25:41.445906+00
2e62684c-6645-41dc-971b-2af377044e48,129090e2-d446-4424-934a-2f39d73a5954,d977d9a5-48fd-415e-b31d-02f6bea0be79,2026-04-24,2026-04-24,jour,1,0,0,2026-05-03 18:25:41.445906+00
b02b476e-0d8f-4aae-a05a-e05554de0e18,1b7086c6-922a-42b2-95e8-f10cac431ba6,0d087b99-4dd1-4cb0-aea9-568efd0e7374,2026-04-24,2026-04-24,jour,2,0,0,2026-05-03 18:25:41.445906+00
ccc780ee-f1ce-40b5-8bfb-12dcbb5f1a48,1b7086c6-922a-42b2-95e8-f10cac431ba6,15467316-9ed2-493e-b06b-2e11094fa96b,2026-04-24,2026-04-24,jour,2,0,0,2026-05-03 18:25:41.445906+00
75da2a3d-cea6-43cf-9f92-66bd65015048,1b7086c6-922a-42b2-95e8-f10cac431ba6,2967fdd5-ab82-433d-a6c4-1b8113e67a09,2026-04-24,2026-04-24,jour,1,1,0,2026-05-03 18:25:41.445906+00
4ba312d6-cee8-45cf-9e1f-a8b0aa846485,1b7086c6-922a-42b2-95e8-f10cac431ba6,3d2412d8-7795-4738-8754-59af09a8f512,2026-04-24,2026-04-24,jour,3,1,0,2026-05-03 18:25:41.445906+00
94a87a11-24de-4739-a0ed-fd5c79899eb1,1b7086c6-922a-42b2-95e8-f10cac431ba6,4739e15d-80c0-41f6-a1c2-78044861b72a,2026-04-24,2026-04-24,jour,1,0,1,2026-05-03 18:25:41.445906+00
e8fb384e-17de-4962-8ba4-76cace96b1aa,1b7086c6-922a-42b2-95e8-f10cac431ba6,743fb064-83e3-46cd-8429-f51a2f31642b,2026-04-24,2026-04-24,jour,3,1,0,2026-05-03 18:25:41.445906+00
76160e5b-98a4-40eb-8370-5eb43f1ec4bf,1b7086c6-922a-42b2-95e8-f10cac431ba6,9745e1c7-0b49-4779-9301-7e8449f0e7d7,2026-04-24,2026-04-24,jour,1,1,0,2026-05-03 18:25:41.445906+00
f26ea20b-a967-4012-a067-a3e9b1d5c8e1,1b7086c6-922a-42b2-95e8-f10cac431ba6,ab85b38e-5fb2-44f0-ade9-d2e0019be123,2026-04-24,2026-04-24,jour,5,0,0,2026-05-03 18:25:41.445906+00
6d5a62ca-7aa3-471f-89b7-32e625c7fb4f,1b7086c6-922a-42b2-95e8-f10cac431ba6,b8b8bfd7-3826-4066-8698-0c86fd8d5807,2026-04-24,2026-04-24,jour,1,0,0,2026-05-03 18:25:41.445906+00
de336e3a-d0b9-42ee-86a4-29e5179d3a31,1b7086c6-922a-42b2-95e8-f10cac431ba6,c525bc73-3c4c-411e-9949-803416e7d270,2026-04-24,2026-04-24,jour,2,0,0,2026-05-03 18:25:41.445906+00
bb321429-0a65-4f94-bbbb-7b6bf97ed4d0,6adfe150-0752-4f5e-90ea-28d25d769b49,15467316-9ed2-493e-b06b-2e11094fa96b,2026-04-24,2026-04-24,jour,5,0,0,2026-05-03 18:25:41.445906+00
d870c14b-55c8-482b-ac42-2893e1a99a17,6adfe150-0752-4f5e-90ea-28d25d769b49,1b181444-e6ff-4e16-a738-8dfe9b2d9e45,2026-04-24,2026-04-24,jour,4,1,0,2026-05-03 18:25:41.445906+00
f14287ad-3c97-4e76-aa98-772dd0259b47,6adfe150-0752-4f5e-90ea-28d25d769b49,4739e15d-80c0-41f6-a1c2-78044861b72a,2026-04-24,2026-04-24,jour,1,0,0,2026-05-03 18:25:41.445906+00
f76ebaac-f164-4717-a971-d9e72046b282,6adfe150-0752-4f5e-90ea-28d25d769b49,8388621a-ed33-4c67-83dc-dbcea84b0f5e,2026-04-24,2026-04-24,jour,3,0,0,2026-05-03 18:25:41.445906+00
2514cb80-678f-4259-8c17-446e04cb812f,6adfe150-0752-4f5e-90ea-28d25d769b49,ab85b38e-5fb2-44f0-ade9-d2e0019be123,2026-04-24,2026-04-24,jour,4,0,0,2026-05-03 18:25:41.445906+00
278e9bde-de10-47ad-b198-6939e876d4a7,6adfe150-0752-4f5e-90ea-28d25d769b49,b8b8bfd7-3826-4066-8698-0c86fd8d5807,2026-04-24,2026-04-24,jour,4,1,0,2026-05-03 18:25:41.445906+00
ca13c851-47e5-4c7d-bfaa-a0d67bc1b573,6adfe150-0752-4f5e-90ea-28d25d769b49,c525bc73-3c4c-411e-9949-803416e7d270,2026-04-24,2026-04-24,jour,1,0,0,2026-05-03 18:25:41.445906+00
84907f97-e441-4705-b4de-3c4ef3a5c21a,6adfe150-0752-4f5e-90ea-28d25d769b49,e1ea46ac-2422-4bd4-a2ac-58a47096b187,2026-04-24,2026-04-24,jour,1,0,0,2026-05-03 18:25:41.445906+00
2a6baba9-6fc0-4ecb-83b6-6118c5f49e48,6adfe150-0752-4f5e-90ea-28d25d769b49,e3f97cb9-fc81-410f-a1a4-0d486638326e,2026-04-24,2026-04-24,jour,1,0,0,2026-05-03 18:25:41.445906+00
1c3e3e2b-6de8-463c-ade7-368e764147d9,cfb8af80-d40b-46dc-9519-78ba7567cda8,15467316-9ed2-493e-b06b-2e11094fa96b,2026-04-24,2026-04-24,jour,3,0,0,2026-05-03 18:25:41.445906+00
ae39c13e-f868-44ea-97e1-c0db06ee41b1,cfb8af80-d40b-46dc-9519-78ba7567cda8,1b181444-e6ff-4e16-a738-8dfe9b2d9e45,2026-04-24,2026-04-24,jour,2,0,0,2026-05-03 18:25:41.445906+00
837ed5c8-248e-49f1-a82e-37be4a2faec5,cfb8af80-d40b-46dc-9519-78ba7567cda8,743fb064-83e3-46cd-8429-f51a2f31642b,2026-04-24,2026-04-24,jour,1,1,0,2026-05-03 18:25:41.445906+00
b73f59bc-57eb-4ce9-a206-6e6ba019bf5b,cfb8af80-d40b-46dc-9519-78ba7567cda8,8388621a-ed33-4c67-83dc-dbcea84b0f5e,2026-04-24,2026-04-24,jour,1,0,0,2026-05-03 18:25:41.445906+00
c2912e3e-37e6-4920-a7df-ae95f0eded1c,cfb8af80-d40b-46dc-9519-78ba7567cda8,b8b8bfd7-3826-4066-8698-0c86fd8d5807,2026-04-24,2026-04-24,jour,2,0,0,2026-05-03 18:25:41.445906+00
57b4d428-236a-40ac-b84c-7fb5d12f8781,cfb8af80-d40b-46dc-9519-78ba7567cda8,c525bc73-3c4c-411e-9949-803416e7d270,2026-04-24,2026-04-24,jour,2,0,0,2026-05-03 18:25:41.445906+00
ef7a8f8c-a981-4399-961c-dee2432e6480,cfb8af80-d40b-46dc-9519-78ba7567cda8,d737c6ed-658a-4a1f-b724-043895197726,2026-04-24,2026-04-24,jour,2,0,0,2026-05-03 18:25:41.445906+00
b3f23c76-800b-4b22-abcf-f88676c53ff5,dc5100ac-b5ad-4705-b3e6-45fb04d1ff64,0bd18562-61aa-43cc-8484-3310a0822b5e,2026-04-24,2026-04-24,jour,3,0,1,2026-05-03 18:25:41.445906+00
afa90602-92b8-46fe-89a0-7d6bfa06881a,dc5100ac-b5ad-4705-b3e6-45fb04d1ff64,15467316-9ed2-493e-b06b-2e11094fa96b,2026-04-24,2026-04-24,jour,1,0,0,2026-05-03 18:25:41.445906+00
697f63b4-2da4-408b-8107-b3fb3c066d7e,dc5100ac-b5ad-4705-b3e6-45fb04d1ff64,1b181444-e6ff-4e16-a738-8dfe9b2d9e45,2026-04-24,2026-04-24,jour,1,0,0,2026-05-03 18:25:41.445906+00
010f73b8-b7e9-4d76-b3fe-a4b20547dc2c,dc5100ac-b5ad-4705-b3e6-45fb04d1ff64,a5682552-3c7e-42b2-bb03-d4d123da52ef,2026-04-24,2026-04-24,jour,1,0,0,2026-05-03 18:25:41.445906+00
4caef827-e07a-4d50-a7ca-f8341a90a6b8,dc5100ac-b5ad-4705-b3e6-45fb04d1ff64,ab85b38e-5fb2-44f0-ade9-d2e0019be123,2026-04-24,2026-04-24,jour,3,1,0,2026-05-03 18:25:41.445906+00
b7ae8c34-4972-4f80-ac73-abe7e9a0968c,dc5100ac-b5ad-4705-b3e6-45fb04d1ff64,b8b8bfd7-3826-4066-8698-0c86fd8d5807,2026-04-24,2026-04-24,jour,2,0,0,2026-05-03 18:25:41.445906+00
be60ec09-7800-43a6-81a6-28a091e6ba23,dc5100ac-b5ad-4705-b3e6-45fb04d1ff64,c525bc73-3c4c-411e-9949-803416e7d270,2026-04-24,2026-04-24,jour,2,0,0,2026-05-03 18:25:41.445906+00
0c3ad606-4a1b-4da1-9f0f-e26753920f48,05846018-a68b-4415-a429-3afafdb2b6b8,1b181444-e6ff-4e16-a738-8dfe9b2d9e45,2026-04-25,2026-04-25,jour,1,0,0,2026-05-03 18:25:41.445906+00
5abfbd0d-61ab-4d86-9d8b-70d9da11706d,05846018-a68b-4415-a429-3afafdb2b6b8,8388621a-ed33-4c67-83dc-dbcea84b0f5e,2026-04-25,2026-04-25,jour,1,0,0,2026-05-03 18:25:41.445906+00
d0bdb0ec-405e-47ad-aa99-002f25a23a32,05846018-a68b-4415-a429-3afafdb2b6b8,b8b8bfd7-3826-4066-8698-0c86fd8d5807,2026-04-25,2026-04-25,jour,1,0,0,2026-05-03 18:25:41.445906+00
7dd3de09-3047-4ffd-8f96-1c7aeed606db,129090e2-d446-4424-934a-2f39d73a5954,0bd18562-61aa-43cc-8484-3310a0822b5e,2026-04-25,2026-04-25,jour,1,0,0,2026-05-03 18:25:41.445906+00
c2296f11-ac6c-4e7a-be91-24205a0cf1d2,129090e2-d446-4424-934a-2f39d73a5954,15467316-9ed2-493e-b06b-2e11094fa96b,2026-04-25,2026-04-25,jour,2,0,0,2026-05-03 18:25:41.445906+00
f426ada2-bc63-442b-9cef-9d8c0fa48565,129090e2-d446-4424-934a-2f39d73a5954,3d2412d8-7795-4738-8754-59af09a8f512,2026-04-25,2026-04-25,jour,1,1,0,2026-05-03 18:25:41.445906+00
e2a7e930-e26c-4880-b5bc-ce9035675ed6,129090e2-d446-4424-934a-2f39d73a5954,4739e15d-80c0-41f6-a1c2-78044861b72a,2026-04-25,2026-04-25,jour,2,0,1,2026-05-03 18:25:41.445906+00
cf9d287d-71bf-4e2e-b889-9ca27b12f03e,129090e2-d446-4424-934a-2f39d73a5954,743fb064-83e3-46cd-8429-f51a2f31642b,2026-04-25,2026-04-25,jour,4,0,0,2026-05-03 18:25:41.445906+00
b10396cd-f856-414d-bea0-bd95ad930582,129090e2-d446-4424-934a-2f39d73a5954,8388621a-ed33-4c67-83dc-dbcea84b0f5e,2026-04-25,2026-04-25,jour,1,0,0,2026-05-03 18:25:41.445906+00
3501f2de-fa4f-4955-a2fc-cc8ce5817a88,129090e2-d446-4424-934a-2f39d73a5954,b8b8bfd7-3826-4066-8698-0c86fd8d5807,2026-04-25,2026-04-25,jour,1,0,0,2026-05-03 18:25:41.445906+00
ea6fb861-6413-4b50-be64-ce662cc63451,129090e2-d446-4424-934a-2f39d73a5954,c525bc73-3c4c-411e-9949-803416e7d270,2026-04-25,2026-04-25,jour,2,0,0,2026-05-03 18:25:41.445906+00
ffae849b-2757-4d05-b22d-7c959c1e3ec0,1b7086c6-922a-42b2-95e8-f10cac431ba6,0d087b99-4dd1-4cb0-aea9-568efd0e7374,2026-04-25,2026-04-25,jour,1,0,0,2026-05-03 18:25:41.445906+00
248c2bd2-21a9-4fb1-b4ce-3e8a4ff1bb7e,1b7086c6-922a-42b2-95e8-f10cac431ba6,15467316-9ed2-493e-b06b-2e11094fa96b,2026-04-25,2026-04-25,jour,4,1,0,2026-05-03 18:25:41.445906+00
9836671d-3370-439a-9cf4-b6cc0952e3f2,1b7086c6-922a-42b2-95e8-f10cac431ba6,3d2412d8-7795-4738-8754-59af09a8f512,2026-04-25,2026-04-25,jour,1,1,0,2026-05-03 18:25:41.445906+00
b84c3b60-39a7-433b-b668-215222d7ec71,1b7086c6-922a-42b2-95e8-f10cac431ba6,743fb064-83e3-46cd-8429-f51a2f31642b,2026-04-25,2026-04-25,jour,2,0,0,2026-05-03 18:25:41.445906+00
62909b30-2935-4c6e-aec5-a2322f4a73b9,1b7086c6-922a-42b2-95e8-f10cac431ba6,ab85b38e-5fb2-44f0-ade9-d2e0019be123,2026-04-25,2026-04-25,jour,1,0,0,2026-05-03 18:25:41.445906+00
721785a4-2242-4853-900f-9db0db6515b1,6adfe150-0752-4f5e-90ea-28d25d769b49,15467316-9ed2-493e-b06b-2e11094fa96b,2026-04-25,2026-04-25,jour,3,1,0,2026-05-03 18:25:41.445906+00
dd1e7540-cd0e-4b9b-995b-89f23ed9d3c4,6adfe150-0752-4f5e-90ea-28d25d769b49,1b181444-e6ff-4e16-a738-8dfe9b2d9e45,2026-04-25,2026-04-25,jour,1,1,0,2026-05-03 18:25:41.445906+00
bbbdf9a9-7b65-4971-8a36-c4c1fc7bc4ba,6adfe150-0752-4f5e-90ea-28d25d769b49,743fb064-83e3-46cd-8429-f51a2f31642b,2026-04-25,2026-04-25,jour,2,1,1,2026-05-03 18:25:41.445906+00
e117533b-97a1-4742-9837-dce39585a650,6adfe150-0752-4f5e-90ea-28d25d769b49,8388621a-ed33-4c67-83dc-dbcea84b0f5e,2026-04-25,2026-04-25,jour,1,0,0,2026-05-03 18:25:41.445906+00
5caff041-ae98-45e4-b79f-2370d7e23897,6adfe150-0752-4f5e-90ea-28d25d769b49,b8b8bfd7-3826-4066-8698-0c86fd8d5807,2026-04-25,2026-04-25,jour,1,0,0,2026-05-03 18:25:41.445906+00
6c5f1dc6-b498-4ba7-ba9a-13bfb7aba91f,6adfe150-0752-4f5e-90ea-28d25d769b49,c525bc73-3c4c-411e-9949-803416e7d270,2026-04-25,2026-04-25,jour,3,1,0,2026-05-03 18:25:41.445906+00
928e90b2-092c-45c7-bceb-776f28c5eb25,cfb8af80-d40b-46dc-9519-78ba7567cda8,0bd18562-61aa-43cc-8484-3310a0822b5e,2026-04-25,2026-04-25,jour,1,0,0,2026-05-03 18:25:41.445906+00
62792464-4278-4546-a04f-71d47eb65111,cfb8af80-d40b-46dc-9519-78ba7567cda8,1b181444-e6ff-4e16-a738-8dfe9b2d9e45,2026-04-25,2026-04-25,jour,1,0,0,2026-05-03 18:25:41.445906+00
2eca76cb-2a5a-4fc4-be0e-a22eb42c6451,cfb8af80-d40b-46dc-9519-78ba7567cda8,2967fdd5-ab82-433d-a6c4-1b8113e67a09,2026-04-25,2026-04-25,jour,1,0,0,2026-05-03 18:25:41.445906+00
1120f2d1-fc1e-49fd-ae50-5ea6021c334d,cfb8af80-d40b-46dc-9519-78ba7567cda8,b8b8bfd7-3826-4066-8698-0c86fd8d5807,2026-04-25,2026-04-25,jour,1,0,0,2026-05-03 18:25:41.445906+00
29db85d9-9ff5-42f1-a926-663782b36403,dc5100ac-b5ad-4705-b3e6-45fb04d1ff64,0bd18562-61aa-43cc-8484-3310a0822b5e,2026-04-25,2026-04-25,jour,3,0,0,2026-05-03 18:25:41.445906+00
a164b4e8-bbb3-4a5d-98b7-5407e1fc5dfc,dc5100ac-b5ad-4705-b3e6-45fb04d1ff64,0d087b99-4dd1-4cb0-aea9-568efd0e7374,2026-04-25,2026-04-25,jour,1,1,0,2026-05-03 18:25:41.445906+00
dd1a7b64-0359-42bb-9948-78e8981a94d5,dc5100ac-b5ad-4705-b3e6-45fb04d1ff64,15467316-9ed2-493e-b06b-2e11094fa96b,2026-04-25,2026-04-25,jour,3,3,0,2026-05-03 18:25:41.445906+00
0092fa3a-db5b-4ef4-b894-796c686035ea,dc5100ac-b5ad-4705-b3e6-45fb04d1ff64,1b181444-e6ff-4e16-a738-8dfe9b2d9e45,2026-04-25,2026-04-25,jour,1,1,0,2026-05-03 18:25:41.445906+00
9f95ba76-9452-4c78-81d8-afb796d07223,dc5100ac-b5ad-4705-b3e6-45fb04d1ff64,3d2412d8-7795-4738-8754-59af09a8f512,2026-04-25,2026-04-25,jour,5,2,0,2026-05-03 18:25:41.445906+00
844a4812-11fe-4c80-92ab-d95be73977f5,dc5100ac-b5ad-4705-b3e6-45fb04d1ff64,4739e15d-80c0-41f6-a1c2-78044861b72a,2026-04-25,2026-04-25,jour,1,0,0,2026-05-03 18:25:41.445906+00
6d25eb20-ea17-42f1-b939-6130ff4fdcc0,dc5100ac-b5ad-4705-b3e6-45fb04d1ff64,743fb064-83e3-46cd-8429-f51a2f31642b,2026-04-25,2026-04-25,jour,1,1,0,2026-05-03 18:25:41.445906+00
114b30ad-9ea1-4b29-b5fb-3382d42c8db7,dc5100ac-b5ad-4705-b3e6-45fb04d1ff64,8388621a-ed33-4c67-83dc-dbcea84b0f5e,2026-04-25,2026-04-25,jour,1,0,0,2026-05-03 18:25:41.445906+00
92ddb026-99b8-4abe-8b96-35216621dc9f,dc5100ac-b5ad-4705-b3e6-45fb04d1ff64,c525bc73-3c4c-411e-9949-803416e7d270,2026-04-25,2026-04-25,jour,2,2,0,2026-05-03 18:25:41.445906+00
abdb879c-5b70-4b28-b9d8-a2b882f657d4,dc5100ac-b5ad-4705-b3e6-45fb04d1ff64,d737c6ed-658a-4a1f-b724-043895197726,2026-04-25,2026-04-25,jour,1,0,0,2026-05-03 18:25:41.445906+00
f9b0ae04-ff83-4ad3-8018-37b014894320,dc5100ac-b5ad-4705-b3e6-45fb04d1ff64,e3f97cb9-fc81-410f-a1a4-0d486638326e,2026-04-25,2026-04-25,jour,1,0,0,2026-05-03 18:25:41.445906+00
a568adbb-d5c0-43cd-9530-9a1aae290a14,dc5100ac-b5ad-4705-b3e6-45fb04d1ff64,e87e531e-820e-4f39-8fd7-5fa00cf0671e,2026-04-25,2026-04-25,jour,1,1,0,2026-05-03 18:25:41.445906+00
43f93439-ce0c-4721-98bd-74e4f74a1e33,05846018-a68b-4415-a429-3afafdb2b6b8,0bd18562-61aa-43cc-8484-3310a0822b5e,2026-04-27,2026-04-27,jour,1,0,0,2026-05-03 18:25:41.445906+00
b214c437-02ef-42f8-b2e5-3b168788b9a9,05846018-a68b-4415-a429-3afafdb2b6b8,15467316-9ed2-493e-b06b-2e11094fa96b,2026-04-27,2026-04-27,jour,1,0,0,2026-05-03 18:25:41.445906+00
664d9af4-680b-4166-9720-dea306f9a70a,05846018-a68b-4415-a429-3afafdb2b6b8,3dd1b7e2-0cba-420f-b95f-11315affd3df,2026-04-27,2026-04-27,jour,1,1,0,2026-05-03 18:25:41.445906+00
267562a4-5d27-4910-ad21-b327a85bc07e,05846018-a68b-4415-a429-3afafdb2b6b8,8388621a-ed33-4c67-83dc-dbcea84b0f5e,2026-04-27,2026-04-27,jour,4,0,0,2026-05-03 18:25:41.445906+00
4223739d-8753-4caa-a7e3-8028d83dd653,129090e2-d446-4424-934a-2f39d73a5954,0bd18562-61aa-43cc-8484-3310a0822b5e,2026-04-27,2026-04-27,jour,1,0,0,2026-05-03 18:25:41.445906+00
b1be7252-3ca5-4b28-9960-e04e8327fd68,129090e2-d446-4424-934a-2f39d73a5954,15467316-9ed2-493e-b06b-2e11094fa96b,2026-04-27,2026-04-27,jour,8,1,0,2026-05-03 18:25:41.445906+00
31dcf09c-c726-4b7d-a924-ac2664258ac5,129090e2-d446-4424-934a-2f39d73a5954,1b181444-e6ff-4e16-a738-8dfe9b2d9e45,2026-04-27,2026-04-27,jour,2,0,0,2026-05-03 18:25:41.445906+00
4408fa85-6edb-40d5-bce3-0c04725e92a3,129090e2-d446-4424-934a-2f39d73a5954,3dd1b7e2-0cba-420f-b95f-11315affd3df,2026-04-27,2026-04-27,jour,2,1,0,2026-05-03 18:25:41.445906+00
cbb95c1e-13d3-4c92-9f00-c4de769d21e9,129090e2-d446-4424-934a-2f39d73a5954,4739e15d-80c0-41f6-a1c2-78044861b72a,2026-04-27,2026-04-27,jour,1,0,0,2026-05-03 18:25:41.445906+00
a77e6aab-814b-4ba3-857d-5a2973b127e2,129090e2-d446-4424-934a-2f39d73a5954,743fb064-83e3-46cd-8429-f51a2f31642b,2026-04-27,2026-04-27,jour,7,2,0,2026-05-03 18:25:41.445906+00
c3f1797d-4525-4bd2-af4c-2bd7167a06b9,129090e2-d446-4424-934a-2f39d73a5954,8388621a-ed33-4c67-83dc-dbcea84b0f5e,2026-04-27,2026-04-27,jour,3,0,0,2026-05-03 18:25:41.445906+00
7f84c0b2-f773-4b6a-81cd-bf887427fcaf,129090e2-d446-4424-934a-2f39d73a5954,b8b8bfd7-3826-4066-8698-0c86fd8d5807,2026-04-27,2026-04-27,jour,2,0,0,2026-05-03 18:25:41.445906+00
4e4ccb68-d70b-4fd9-8c92-d29e7b8fd534,129090e2-d446-4424-934a-2f39d73a5954,c525bc73-3c4c-411e-9949-803416e7d270,2026-04-27,2026-04-27,jour,6,4,0,2026-05-03 18:25:41.445906+00
9401a728-21da-4bf1-80d0-df52b650170c,1b7086c6-922a-42b2-95e8-f10cac431ba6,0bd18562-61aa-43cc-8484-3310a0822b5e,2026-04-27,2026-04-27,jour,1,0,0,2026-05-03 18:25:41.445906+00
5f0a2491-25bf-4dc9-915f-f5d40cb5536a,1b7086c6-922a-42b2-95e8-f10cac431ba6,0d087b99-4dd1-4cb0-aea9-568efd0e7374,2026-04-27,2026-04-27,jour,2,0,0,2026-05-03 18:25:41.445906+00
1101bdcb-d651-43d1-9304-c85843b4df0d,1b7086c6-922a-42b2-95e8-f10cac431ba6,15467316-9ed2-493e-b06b-2e11094fa96b,2026-04-27,2026-04-27,jour,2,2,0,2026-05-03 18:25:41.445906+00
8ac28820-fc84-4b77-950c-118f8f498d13,1b7086c6-922a-42b2-95e8-f10cac431ba6,3d2412d8-7795-4738-8754-59af09a8f512,2026-04-27,2026-04-27,jour,2,0,0,2026-05-03 18:25:41.445906+00
859d60f2-c768-4d7c-a652-e6476a6f5222,1b7086c6-922a-42b2-95e8-f10cac431ba6,4739e15d-80c0-41f6-a1c2-78044861b72a,2026-04-27,2026-04-27,jour,1,1,0,2026-05-03 18:25:41.445906+00
775153dd-4fa9-44fa-b78f-0309f0497718,1b7086c6-922a-42b2-95e8-f10cac431ba6,8388621a-ed33-4c67-83dc-dbcea84b0f5e,2026-04-27,2026-04-27,jour,1,0,0,2026-05-03 18:25:41.445906+00
d8288574-d7a3-471a-bdcb-90f58f0f4123,1b7086c6-922a-42b2-95e8-f10cac431ba6,ab85b38e-5fb2-44f0-ade9-d2e0019be123,2026-04-27,2026-04-27,jour,1,0,0,2026-05-03 18:25:41.445906+00
d57e5b13-65b2-4f43-86a2-08a8de9a135a,1b7086c6-922a-42b2-95e8-f10cac431ba6,b8b8bfd7-3826-4066-8698-0c86fd8d5807,2026-04-27,2026-04-27,jour,1,0,0,2026-05-03 18:25:41.445906+00
6cc0da2f-234f-4d5b-8d9f-06d0324a30f8,1b7086c6-922a-42b2-95e8-f10cac431ba6,c525bc73-3c4c-411e-9949-803416e7d270,2026-04-27,2026-04-27,jour,4,1,0,2026-05-03 18:25:41.445906+00
17b91397-268e-40d6-9eff-9cbbfe5489c7,6adfe150-0752-4f5e-90ea-28d25d769b49,15467316-9ed2-493e-b06b-2e11094fa96b,2026-04-27,2026-04-27,jour,7,1,0,2026-05-03 18:25:41.445906+00
6c106340-cacf-4dbe-a7ce-c5094fa3d401,6adfe150-0752-4f5e-90ea-28d25d769b49,1b181444-e6ff-4e16-a738-8dfe9b2d9e45,2026-04-27,2026-04-27,jour,1,0,0,2026-05-03 18:25:41.445906+00
7eff692e-7256-4d96-a32d-629aa9676cfd,6adfe150-0752-4f5e-90ea-28d25d769b49,4739e15d-80c0-41f6-a1c2-78044861b72a,2026-04-27,2026-04-27,jour,1,1,0,2026-05-03 18:25:41.445906+00
a6af1a6a-5b64-4a7b-9545-23e282a78362,6adfe150-0752-4f5e-90ea-28d25d769b49,743fb064-83e3-46cd-8429-f51a2f31642b,2026-04-27,2026-04-27,jour,2,1,0,2026-05-03 18:25:41.445906+00
aab3feb8-fe39-47fd-900d-f6ea64795f55,6adfe150-0752-4f5e-90ea-28d25d769b49,8388621a-ed33-4c67-83dc-dbcea84b0f5e,2026-04-27,2026-04-27,jour,3,1,0,2026-05-03 18:25:41.445906+00
a6a6cdeb-cee2-4523-aba1-8256b750a09d,6adfe150-0752-4f5e-90ea-28d25d769b49,ab85b38e-5fb2-44f0-ade9-d2e0019be123,2026-04-27,2026-04-27,jour,1,0,0,2026-05-03 18:25:41.445906+00
1cc644c2-c87c-4c64-9d81-a8e2c89e2f6d,6adfe150-0752-4f5e-90ea-28d25d769b49,b8b8bfd7-3826-4066-8698-0c86fd8d5807,2026-04-27,2026-04-27,jour,4,0,0,2026-05-03 18:25:41.445906+00
b84546bc-f380-48bd-b202-9be646223175,6adfe150-0752-4f5e-90ea-28d25d769b49,c525bc73-3c4c-411e-9949-803416e7d270,2026-04-27,2026-04-27,jour,3,1,0,2026-05-03 18:25:41.445906+00
668e75e1-ec9c-442f-8451-91c7bb874de2,cfb8af80-d40b-46dc-9519-78ba7567cda8,15467316-9ed2-493e-b06b-2e11094fa96b,2026-04-27,2026-04-27,jour,1,1,0,2026-05-03 18:25:41.445906+00
55aff795-2742-4ad6-b25d-081170e60d7e,cfb8af80-d40b-46dc-9519-78ba7567cda8,743fb064-83e3-46cd-8429-f51a2f31642b,2026-04-27,2026-04-27,jour,1,1,0,2026-05-03 18:25:41.445906+00
ade4f41f-c710-4b6c-a38f-cfce98185cb0,cfb8af80-d40b-46dc-9519-78ba7567cda8,8388621a-ed33-4c67-83dc-dbcea84b0f5e,2026-04-27,2026-04-27,jour,1,1,0,2026-05-03 18:25:41.445906+00
b3903b9f-d859-4a10-ba1d-30f83a96d526,cfb8af80-d40b-46dc-9519-78ba7567cda8,9745e1c7-0b49-4779-9301-7e8449f0e7d7,2026-04-27,2026-04-27,jour,2,1,0,2026-05-03 18:25:41.445906+00
24f24aad-39b6-4c9e-b98b-04a3a60c6d6d,cfb8af80-d40b-46dc-9519-78ba7567cda8,ab85b38e-5fb2-44f0-ade9-d2e0019be123,2026-04-27,2026-04-27,jour,1,0,0,2026-05-03 18:25:41.445906+00
6c6c5755-5015-4ff5-a6a9-c2f05c9d0373,cfb8af80-d40b-46dc-9519-78ba7567cda8,b8b8bfd7-3826-4066-8698-0c86fd8d5807,2026-04-27,2026-04-27,jour,2,0,0,2026-05-03 18:25:41.445906+00
2928532d-c654-4d2b-88d8-f31f5f57b164,cfb8af80-d40b-46dc-9519-78ba7567cda8,d977d9a5-48fd-415e-b31d-02f6bea0be79,2026-04-27,2026-04-27,jour,1,0,0,2026-05-03 18:25:41.445906+00
e43b38b4-3efd-447e-8563-224b194bbcc6,dc5100ac-b5ad-4705-b3e6-45fb04d1ff64,0bd18562-61aa-43cc-8484-3310a0822b5e,2026-04-27,2026-04-27,jour,3,1,0,2026-05-03 18:25:41.445906+00
726bb681-8445-4f78-a8df-c9c76974e704,dc5100ac-b5ad-4705-b3e6-45fb04d1ff64,0d087b99-4dd1-4cb0-aea9-568efd0e7374,2026-04-27,2026-04-27,jour,2,0,0,2026-05-03 18:25:41.445906+00
5f1163ff-d3ae-4365-8b19-0bfb1f38a78a,dc5100ac-b5ad-4705-b3e6-45fb04d1ff64,15467316-9ed2-493e-b06b-2e11094fa96b,2026-04-27,2026-04-27,jour,4,0,0,2026-05-03 18:25:41.445906+00
7efcc3b8-b07e-407e-985d-44452438f505,dc5100ac-b5ad-4705-b3e6-45fb04d1ff64,1b181444-e6ff-4e16-a738-8dfe9b2d9e45,2026-04-27,2026-04-27,jour,1,0,0,2026-05-03 18:25:41.445906+00
6ddb4955-5494-482b-a4bb-6e36a94af3ca,dc5100ac-b5ad-4705-b3e6-45fb04d1ff64,21ee3aa6-277a-43f1-b80c-4d035170fa25,2026-04-27,2026-04-27,jour,1,0,0,2026-05-03 18:25:41.445906+00
a25d3d5f-b1fa-43e9-a29a-238cfe936d98,dc5100ac-b5ad-4705-b3e6-45fb04d1ff64,3d2412d8-7795-4738-8754-59af09a8f512,2026-04-27,2026-04-27,jour,5,1,0,2026-05-03 18:25:41.445906+00
89d9b769-495f-4a98-a8d3-ffd05e03eda7,dc5100ac-b5ad-4705-b3e6-45fb04d1ff64,743fb064-83e3-46cd-8429-f51a2f31642b,2026-04-27,2026-04-27,jour,2,0,0,2026-05-03 18:25:41.445906+00
30b04ddf-bb2c-405f-b61a-d8a35a0764ca,dc5100ac-b5ad-4705-b3e6-45fb04d1ff64,8388621a-ed33-4c67-83dc-dbcea84b0f5e,2026-04-27,2026-04-27,jour,1,0,0,2026-05-03 18:25:41.445906+00
3d474620-b3ee-45df-9c2d-df7d849b74a6,dc5100ac-b5ad-4705-b3e6-45fb04d1ff64,ab85b38e-5fb2-44f0-ade9-d2e0019be123,2026-04-27,2026-04-27,jour,2,0,0,2026-05-03 18:25:41.445906+00
4357d651-a70c-4d87-a70d-879c77a96e42,dc5100ac-b5ad-4705-b3e6-45fb04d1ff64,b8b8bfd7-3826-4066-8698-0c86fd8d5807,2026-04-27,2026-04-27,jour,2,0,0,2026-05-03 18:25:41.445906+00
6be9fd6e-ba5f-4c94-96d9-b19978fa7501,dc5100ac-b5ad-4705-b3e6-45fb04d1ff64,c525bc73-3c4c-411e-9949-803416e7d270,2026-04-27,2026-04-27,jour,9,0,0,2026-05-03 18:25:41.445906+00
3eb1eecf-e1db-4f8d-a5c1-dee44ea5771d,dc5100ac-b5ad-4705-b3e6-45fb04d1ff64,d977d9a5-48fd-415e-b31d-02f6bea0be79,2026-04-27,2026-04-27,jour,1,0,0,2026-05-03 18:25:41.445906+00
fa6154d1-fe81-47b2-89c2-6e4de552797b,dc5100ac-b5ad-4705-b3e6-45fb04d1ff64,e3f97cb9-fc81-410f-a1a4-0d486638326e,2026-04-27,2026-04-27,jour,1,0,0,2026-05-03 18:25:41.445906+00
dc084d68-c3e9-4b6b-89c5-27c57188601d,05846018-a68b-4415-a429-3afafdb2b6b8,15467316-9ed2-493e-b06b-2e11094fa96b,2026-04-28,2026-04-28,jour,2,0,0,2026-05-03 18:25:41.445906+00
7a97a465-c0e1-4e67-af73-d64ad8f6e17b,05846018-a68b-4415-a429-3afafdb2b6b8,743fb064-83e3-46cd-8429-f51a2f31642b,2026-04-28,2026-04-28,jour,1,1,0,2026-05-03 18:25:41.445906+00
bcc27873-2b64-4aed-97f3-1251db24719f,05846018-a68b-4415-a429-3afafdb2b6b8,8388621a-ed33-4c67-83dc-dbcea84b0f5e,2026-04-28,2026-04-28,jour,1,0,0,2026-05-03 18:25:41.445906+00
f15b4c34-04ba-475c-ab69-ae1dc2b3c520,05846018-a68b-4415-a429-3afafdb2b6b8,ab85b38e-5fb2-44f0-ade9-d2e0019be123,2026-04-28,2026-04-28,jour,1,1,0,2026-05-03 18:25:41.445906+00
6d8794d5-fad9-4d2c-a069-35759256826c,05846018-a68b-4415-a429-3afafdb2b6b8,c525bc73-3c4c-411e-9949-803416e7d270,2026-04-28,2026-04-28,jour,1,1,0,2026-05-03 18:25:41.445906+00
c0e6d160-4503-4b38-aac3-8136ed8c2da1,05846018-a68b-4415-a429-3afafdb2b6b8,e3f97cb9-fc81-410f-a1a4-0d486638326e,2026-04-28,2026-04-28,jour,1,0,0,2026-05-03 18:25:41.445906+00
065906d6-ef5a-4ec3-ab41-3ae68350c1de,129090e2-d446-4424-934a-2f39d73a5954,15467316-9ed2-493e-b06b-2e11094fa96b,2026-04-28,2026-04-28,jour,6,1,0,2026-05-03 18:25:41.445906+00
31451ba8-9e8f-47e1-819b-2cd2591faedb,129090e2-d446-4424-934a-2f39d73a5954,1b181444-e6ff-4e16-a738-8dfe9b2d9e45,2026-04-28,2026-04-28,jour,1,0,0,2026-05-03 18:25:41.445906+00
3d22fd0c-532e-4156-9acc-8d17eea82f67,129090e2-d446-4424-934a-2f39d73a5954,2967fdd5-ab82-433d-a6c4-1b8113e67a09,2026-04-28,2026-04-28,jour,1,0,0,2026-05-03 18:25:41.445906+00
d3487603-4291-4e91-977e-656e0e1cf688,129090e2-d446-4424-934a-2f39d73a5954,4739e15d-80c0-41f6-a1c2-78044861b72a,2026-04-28,2026-04-28,jour,1,1,0,2026-05-03 18:25:41.445906+00
b4e0f1f9-c854-42fa-82c4-7bc63752cd24,129090e2-d446-4424-934a-2f39d73a5954,743fb064-83e3-46cd-8429-f51a2f31642b,2026-04-28,2026-04-28,jour,1,0,0,2026-05-03 18:25:41.445906+00
136cab1f-c5ba-4e08-a050-8d258cda1ec6,129090e2-d446-4424-934a-2f39d73a5954,8388621a-ed33-4c67-83dc-dbcea84b0f5e,2026-04-28,2026-04-28,jour,2,0,0,2026-05-03 18:25:41.445906+00
622742fd-8d23-4155-9379-dec2c054119c,129090e2-d446-4424-934a-2f39d73a5954,b8b8bfd7-3826-4066-8698-0c86fd8d5807,2026-04-28,2026-04-28,jour,1,0,0,2026-05-03 18:25:41.445906+00
96e1527f-b600-49bd-a5d4-2146915458b7,129090e2-d446-4424-934a-2f39d73a5954,c525bc73-3c4c-411e-9949-803416e7d270,2026-04-28,2026-04-28,jour,3,0,0,2026-05-03 18:25:41.445906+00
1f0b5fcc-4165-4a9f-aaa7-296629869dc7,1b7086c6-922a-42b2-95e8-f10cac431ba6,15467316-9ed2-493e-b06b-2e11094fa96b,2026-04-28,2026-04-28,jour,1,1,0,2026-05-03 18:25:41.445906+00
8cb21a82-ec18-4d80-a035-5d83f620de86,1b7086c6-922a-42b2-95e8-f10cac431ba6,1b181444-e6ff-4e16-a738-8dfe9b2d9e45,2026-04-28,2026-04-28,jour,1,0,0,2026-05-03 18:25:41.445906+00
04e68c14-969e-4437-a64a-f4d2164332ad,1b7086c6-922a-42b2-95e8-f10cac431ba6,3d2412d8-7795-4738-8754-59af09a8f512,2026-04-28,2026-04-28,jour,1,0,0,2026-05-03 18:25:41.445906+00
2218ce14-1043-4870-b2f0-646d8bf3181d,1b7086c6-922a-42b2-95e8-f10cac431ba6,4739e15d-80c0-41f6-a1c2-78044861b72a,2026-04-28,2026-04-28,jour,1,0,1,2026-05-03 18:25:41.445906+00
8c9ecbae-21ba-4d0b-ad54-0f898ff6790c,1b7086c6-922a-42b2-95e8-f10cac431ba6,743fb064-83e3-46cd-8429-f51a2f31642b,2026-04-28,2026-04-28,jour,3,0,0,2026-05-03 18:25:41.445906+00
2e5e918d-9ee8-48e2-9f7b-e00983025a20,1b7086c6-922a-42b2-95e8-f10cac431ba6,8388621a-ed33-4c67-83dc-dbcea84b0f5e,2026-04-28,2026-04-28,jour,3,0,0,2026-05-03 18:25:41.445906+00
c64c9db2-9be2-4420-9288-56bf06882916,1b7086c6-922a-42b2-95e8-f10cac431ba6,ab85b38e-5fb2-44f0-ade9-d2e0019be123,2026-04-28,2026-04-28,jour,2,0,0,2026-05-03 18:25:41.445906+00
93502abf-7b18-4af6-8b94-3e40004f636d,1b7086c6-922a-42b2-95e8-f10cac431ba6,b8b8bfd7-3826-4066-8698-0c86fd8d5807,2026-04-28,2026-04-28,jour,2,0,0,2026-05-03 18:25:41.445906+00
ad791297-db6f-48f7-b059-33c037eb3399,1b7086c6-922a-42b2-95e8-f10cac431ba6,c525bc73-3c4c-411e-9949-803416e7d270,2026-04-28,2026-04-28,jour,2,0,0,2026-05-03 18:25:41.445906+00
12cafdd1-ef4e-42b0-8506-535145f0a35e,1b7086c6-922a-42b2-95e8-f10cac431ba6,d977d9a5-48fd-415e-b31d-02f6bea0be79,2026-04-28,2026-04-28,jour,1,0,0,2026-05-03 18:25:41.445906+00
d9290c06-e308-48e7-b441-5a8461d79672,6adfe150-0752-4f5e-90ea-28d25d769b49,15467316-9ed2-493e-b06b-2e11094fa96b,2026-04-28,2026-04-28,jour,2,0,0,2026-05-03 18:25:41.445906+00
7c6178b0-8316-4f91-b354-f6e90f1ca118,6adfe150-0752-4f5e-90ea-28d25d769b49,4739e15d-80c0-41f6-a1c2-78044861b72a,2026-04-28,2026-04-28,jour,3,0,0,2026-05-03 18:25:41.445906+00
33cc00fd-00b1-4533-8d81-5cdcec1c8e8a,6adfe150-0752-4f5e-90ea-28d25d769b49,743fb064-83e3-46cd-8429-f51a2f31642b,2026-04-28,2026-04-28,jour,1,0,0,2026-05-03 18:25:41.445906+00
1cdf60f3-304f-45d9-9a9c-6261a444f9b5,6adfe150-0752-4f5e-90ea-28d25d769b49,8388621a-ed33-4c67-83dc-dbcea84b0f5e,2026-04-28,2026-04-28,jour,1,0,0,2026-05-03 18:25:41.445906+00
2ccceb0d-fb5e-4f2e-8ce9-a9b99c0dcdf6,6adfe150-0752-4f5e-90ea-28d25d769b49,a5682552-3c7e-42b2-bb03-d4d123da52ef,2026-04-28,2026-04-28,jour,1,0,0,2026-05-03 18:25:41.445906+00
15188145-b7c2-4cbf-b627-e805ee29b259,6adfe150-0752-4f5e-90ea-28d25d769b49,b8b8bfd7-3826-4066-8698-0c86fd8d5807,2026-04-28,2026-04-28,jour,5,0,0,2026-05-03 18:25:41.445906+00
8794dcb3-5f8c-4bcd-9313-46708c803ab9,6adfe150-0752-4f5e-90ea-28d25d769b49,c525bc73-3c4c-411e-9949-803416e7d270,2026-04-28,2026-04-28,jour,2,1,0,2026-05-03 18:25:41.445906+00
713b918e-0a35-48d5-ba14-e2c6acf290cf,6adfe150-0752-4f5e-90ea-28d25d769b49,e3f97cb9-fc81-410f-a1a4-0d486638326e,2026-04-28,2026-04-28,jour,2,1,0,2026-05-03 18:25:41.445906+00
c46672d9-aab5-4557-bb63-61124387335d,cfb8af80-d40b-46dc-9519-78ba7567cda8,0bd18562-61aa-43cc-8484-3310a0822b5e,2026-04-28,2026-04-28,jour,1,0,0,2026-05-03 18:25:41.445906+00
4183b2f1-dbff-447d-b316-31aee3e92b99,cfb8af80-d40b-46dc-9519-78ba7567cda8,15467316-9ed2-493e-b06b-2e11094fa96b,2026-04-28,2026-04-28,jour,1,0,0,2026-05-03 18:25:41.445906+00
a6a4abba-80e2-46ab-abf5-4668397c927d,cfb8af80-d40b-46dc-9519-78ba7567cda8,1b181444-e6ff-4e16-a738-8dfe9b2d9e45,2026-04-28,2026-04-28,jour,1,0,0,2026-05-03 18:25:41.445906+00
4f54dc0c-a91c-4111-9ea8-910a87577f5d,cfb8af80-d40b-46dc-9519-78ba7567cda8,2967fdd5-ab82-433d-a6c4-1b8113e67a09,2026-04-28,2026-04-28,jour,1,0,0,2026-05-03 18:25:41.445906+00
c9992354-06d1-41e6-b964-59912cf7bfec,cfb8af80-d40b-46dc-9519-78ba7567cda8,743fb064-83e3-46cd-8429-f51a2f31642b,2026-04-28,2026-04-28,jour,1,0,0,2026-05-03 18:25:41.445906+00
d32170c7-389f-435f-aeb3-0ccad35c38e8,cfb8af80-d40b-46dc-9519-78ba7567cda8,8388621a-ed33-4c67-83dc-dbcea84b0f5e,2026-04-28,2026-04-28,jour,1,0,0,2026-05-03 18:25:41.445906+00
65c72d2c-ad2d-4c15-a942-08ea9fc10edc,cfb8af80-d40b-46dc-9519-78ba7567cda8,ab85b38e-5fb2-44f0-ade9-d2e0019be123,2026-04-28,2026-04-28,jour,1,0,0,2026-05-03 18:25:41.445906+00
9cc95e0c-8126-4882-81c2-b4e355c41978,cfb8af80-d40b-46dc-9519-78ba7567cda8,b8b8bfd7-3826-4066-8698-0c86fd8d5807,2026-04-28,2026-04-28,jour,1,0,0,2026-05-03 18:25:41.445906+00
9c90eeaf-b87b-4946-8b1d-398bc74e7d97,cfb8af80-d40b-46dc-9519-78ba7567cda8,c525bc73-3c4c-411e-9949-803416e7d270,2026-04-28,2026-04-28,jour,1,0,0,2026-05-03 18:25:41.445906+00
9e86d0ea-3b60-4f7a-bb9d-023b50694d85,cfb8af80-d40b-46dc-9519-78ba7567cda8,d977d9a5-48fd-415e-b31d-02f6bea0be79,2026-04-28,2026-04-28,jour,1,0,0,2026-05-03 18:25:41.445906+00
93c607f7-5627-457e-b013-7c2571847440,dc5100ac-b5ad-4705-b3e6-45fb04d1ff64,15467316-9ed2-493e-b06b-2e11094fa96b,2026-04-28,2026-04-28,jour,6,1,0,2026-05-03 18:25:41.445906+00
c5dc9b28-2987-479a-95a1-6b7036f24ab1,dc5100ac-b5ad-4705-b3e6-45fb04d1ff64,1b181444-e6ff-4e16-a738-8dfe9b2d9e45,2026-04-28,2026-04-28,jour,5,0,0,2026-05-03 18:25:41.445906+00
a42eb7dc-467d-44b7-8334-65b1b51b7cb7,dc5100ac-b5ad-4705-b3e6-45fb04d1ff64,3d2412d8-7795-4738-8754-59af09a8f512,2026-04-28,2026-04-28,jour,1,0,0,2026-05-03 18:25:41.445906+00
0bd1bbe3-c678-4d1c-b06f-4d26aa6f51f1,dc5100ac-b5ad-4705-b3e6-45fb04d1ff64,4739e15d-80c0-41f6-a1c2-78044861b72a,2026-04-28,2026-04-28,jour,1,0,0,2026-05-03 18:25:41.445906+00
63221d9f-f1fa-4720-bafa-f7c70cb0acd3,dc5100ac-b5ad-4705-b3e6-45fb04d1ff64,743fb064-83e3-46cd-8429-f51a2f31642b,2026-04-28,2026-04-28,jour,1,0,0,2026-05-03 18:25:41.445906+00
c3ea3589-795b-40da-98d5-d82c58628374,dc5100ac-b5ad-4705-b3e6-45fb04d1ff64,8388621a-ed33-4c67-83dc-dbcea84b0f5e,2026-04-28,2026-04-28,jour,2,0,0,2026-05-03 18:25:41.445906+00
1e81692b-ba4b-4582-907b-bb34baea767a,dc5100ac-b5ad-4705-b3e6-45fb04d1ff64,ab85b38e-5fb2-44f0-ade9-d2e0019be123,2026-04-28,2026-04-28,jour,4,0,0,2026-05-03 18:25:41.445906+00
a20f2b1b-2f8b-42aa-894e-b69051602ee1,dc5100ac-b5ad-4705-b3e6-45fb04d1ff64,b8b8bfd7-3826-4066-8698-0c86fd8d5807,2026-04-28,2026-04-28,jour,1,0,0,2026-05-03 18:25:41.445906+00
cedce7ee-bb01-4821-8cba-2cfe59add7d3,dc5100ac-b5ad-4705-b3e6-45fb04d1ff64,c525bc73-3c4c-411e-9949-803416e7d270,2026-04-28,2026-04-28,jour,5,2,0,2026-05-03 18:25:41.445906+00
d8c8257e-b716-4a46-92a7-2bbadce26b46,dc5100ac-b5ad-4705-b3e6-45fb04d1ff64,e3f97cb9-fc81-410f-a1a4-0d486638326e,2026-04-28,2026-04-28,jour,1,0,0,2026-05-03 18:25:41.445906+00
e0cc7ab4-c2ec-4acd-ae28-92d4a901b27d,05846018-a68b-4415-a429-3afafdb2b6b8,15467316-9ed2-493e-b06b-2e11094fa96b,2026-04-29,2026-04-29,jour,3,0,1,2026-05-03 18:25:41.445906+00
fb076498-ed82-4ffa-860f-7a4f65109e3f,05846018-a68b-4415-a429-3afafdb2b6b8,d737c6ed-658a-4a1f-b724-043895197726,2026-04-29,2026-04-29,jour,1,0,0,2026-05-03 18:25:41.445906+00
426d058f-409f-4164-beda-1e70624c4a4c,129090e2-d446-4424-934a-2f39d73a5954,0d087b99-4dd1-4cb0-aea9-568efd0e7374,2026-04-29,2026-04-29,jour,1,0,0,2026-05-03 18:25:41.445906+00
0c042776-9214-4292-af27-c99c13a718b2,129090e2-d446-4424-934a-2f39d73a5954,15467316-9ed2-493e-b06b-2e11094fa96b,2026-04-29,2026-04-29,jour,2,0,0,2026-05-03 18:25:41.445906+00
e6c4579d-77a7-4b11-b88e-d1f189f0e668,129090e2-d446-4424-934a-2f39d73a5954,1b181444-e6ff-4e16-a738-8dfe9b2d9e45,2026-04-29,2026-04-29,jour,1,0,0,2026-05-03 18:25:41.445906+00
0790537f-69c5-43c4-b2fb-a63e79a70fb9,129090e2-d446-4424-934a-2f39d73a5954,743fb064-83e3-46cd-8429-f51a2f31642b,2026-04-29,2026-04-29,jour,7,0,0,2026-05-03 18:25:41.445906+00
412ae632-6416-4354-8f28-f90a11ba4cb5,129090e2-d446-4424-934a-2f39d73a5954,8388621a-ed33-4c67-83dc-dbcea84b0f5e,2026-04-29,2026-04-29,jour,1,1,0,2026-05-03 18:25:41.445906+00
fb99b5bb-3ed8-49dd-8a11-c37230683d19,129090e2-d446-4424-934a-2f39d73a5954,b8b8bfd7-3826-4066-8698-0c86fd8d5807,2026-04-29,2026-04-29,jour,2,0,0,2026-05-03 18:25:41.445906+00
69908144-4312-4dff-8fb3-30989a6ba86a,129090e2-d446-4424-934a-2f39d73a5954,c525bc73-3c4c-411e-9949-803416e7d270,2026-04-29,2026-04-29,jour,2,1,0,2026-05-03 18:25:41.445906+00
c4d347c6-c393-4f15-b704-94069aee2fbe,1b7086c6-922a-42b2-95e8-f10cac431ba6,15467316-9ed2-493e-b06b-2e11094fa96b,2026-04-29,2026-04-29,jour,1,0,0,2026-05-03 18:25:41.445906+00
03044ca7-7a95-435e-ae43-8bc8f100c24c,1b7086c6-922a-42b2-95e8-f10cac431ba6,4739e15d-80c0-41f6-a1c2-78044861b72a,2026-04-29,2026-04-29,jour,1,0,1,2026-05-03 18:25:41.445906+00
56dc8df4-ce5f-4e8d-8550-6f5dca1feb6b,1b7086c6-922a-42b2-95e8-f10cac431ba6,743fb064-83e3-46cd-8429-f51a2f31642b,2026-04-29,2026-04-29,jour,1,0,0,2026-05-03 18:25:41.445906+00
a966cf58-4427-48f1-a510-2a60473b4b14,1b7086c6-922a-42b2-95e8-f10cac431ba6,a5682552-3c7e-42b2-bb03-d4d123da52ef,2026-04-29,2026-04-29,jour,1,0,0,2026-05-03 18:25:41.445906+00
2ace50a9-956e-4cca-a816-90b5c7fe377a,1b7086c6-922a-42b2-95e8-f10cac431ba6,ab85b38e-5fb2-44f0-ade9-d2e0019be123,2026-04-29,2026-04-29,jour,5,1,0,2026-05-03 18:25:41.445906+00
a22cea00-f697-47d5-8a11-1007daf78826,1b7086c6-922a-42b2-95e8-f10cac431ba6,b8b8bfd7-3826-4066-8698-0c86fd8d5807,2026-04-29,2026-04-29,jour,1,1,0,2026-05-03 18:25:41.445906+00
e6db9f76-0d9a-4faf-9cf4-139e488c0a43,6adfe150-0752-4f5e-90ea-28d25d769b49,15467316-9ed2-493e-b06b-2e11094fa96b,2026-04-29,2026-04-29,jour,3,2,0,2026-05-03 18:25:41.445906+00
6b51ff3e-77e8-4996-ba23-91baf5d5bf68,6adfe150-0752-4f5e-90ea-28d25d769b49,743fb064-83e3-46cd-8429-f51a2f31642b,2026-04-29,2026-04-29,jour,1,0,0,2026-05-03 18:25:41.445906+00
a24e0d40-3aaa-4810-b062-456327623949,6adfe150-0752-4f5e-90ea-28d25d769b49,b8b8bfd7-3826-4066-8698-0c86fd8d5807,2026-04-29,2026-04-29,jour,1,0,0,2026-05-03 18:25:41.445906+00
972ac572-5cab-4c8d-bb03-e11c8cb697ae,6adfe150-0752-4f5e-90ea-28d25d769b49,c525bc73-3c4c-411e-9949-803416e7d270,2026-04-29,2026-04-29,jour,3,0,0,2026-05-03 18:25:41.445906+00
11256343-1453-44d1-9a4e-36bfdb9276d0,cfb8af80-d40b-46dc-9519-78ba7567cda8,743fb064-83e3-46cd-8429-f51a2f31642b,2026-04-29,2026-04-29,jour,1,0,0,2026-05-03 18:25:41.445906+00
84e4081d-5b17-462e-9bd6-e9457682b520,cfb8af80-d40b-46dc-9519-78ba7567cda8,8388621a-ed33-4c67-83dc-dbcea84b0f5e,2026-04-29,2026-04-29,jour,2,0,0,2026-05-03 18:25:41.445906+00
37cfc43c-0025-4fea-9af1-b55efc6bf0c3,dc5100ac-b5ad-4705-b3e6-45fb04d1ff64,0d087b99-4dd1-4cb0-aea9-568efd0e7374,2026-04-29,2026-04-29,jour,1,0,0,2026-05-03 18:25:41.445906+00
ef0b509b-6094-43b0-9dfa-a2d4c42c029b,dc5100ac-b5ad-4705-b3e6-45fb04d1ff64,15467316-9ed2-493e-b06b-2e11094fa96b,2026-04-29,2026-04-29,jour,5,0,0,2026-05-03 18:25:41.445906+00
b51dee3b-8432-4e2c-9b36-541cac45abfd,dc5100ac-b5ad-4705-b3e6-45fb04d1ff64,3d2412d8-7795-4738-8754-59af09a8f512,2026-04-29,2026-04-29,jour,2,0,0,2026-05-03 18:25:41.445906+00
cfe993fa-5f83-450e-a8ba-748007b7faf2,dc5100ac-b5ad-4705-b3e6-45fb04d1ff64,8388621a-ed33-4c67-83dc-dbcea84b0f5e,2026-04-29,2026-04-29,jour,3,0,0,2026-05-03 18:25:41.445906+00
e0075ca0-2d94-4a53-bbbc-c1985bd640a4,dc5100ac-b5ad-4705-b3e6-45fb04d1ff64,b8b8bfd7-3826-4066-8698-0c86fd8d5807,2026-04-29,2026-04-29,jour,2,0,0,2026-05-03 18:25:41.445906+00
28c00e7e-4855-476a-8567-e8f88f8d55f2,dc5100ac-b5ad-4705-b3e6-45fb04d1ff64,c525bc73-3c4c-411e-9949-803416e7d270,2026-04-29,2026-04-29,jour,2,0,0,2026-05-03 18:25:41.445906+00
5fe3ea69-a215-4d91-af0d-1ad79bb8ce3a,dc5100ac-b5ad-4705-b3e6-45fb04d1ff64,e87e531e-820e-4f39-8fd7-5fa00cf0671e,2026-04-29,2026-04-29,jour,1,1,0,2026-05-03 18:25:41.445906+00
9857d89f-954c-4192-821f-0b2c053546e0,05846018-a68b-4415-a429-3afafdb2b6b8,15467316-9ed2-493e-b06b-2e11094fa96b,2026-04-30,2026-04-30,jour,1,1,0,2026-05-03 18:25:41.445906+00
aaccc70d-b944-4a05-8bf1-20282aa59497,05846018-a68b-4415-a429-3afafdb2b6b8,3dd1b7e2-0cba-420f-b95f-11315affd3df,2026-04-30,2026-04-30,jour,1,0,0,2026-05-03 18:25:41.445906+00
263840f9-5085-4bf5-991d-c440a89357c3,05846018-a68b-4415-a429-3afafdb2b6b8,743fb064-83e3-46cd-8429-f51a2f31642b,2026-04-30,2026-04-30,jour,1,0,0,2026-05-03 18:25:41.445906+00
15af39b4-bbe5-4233-aa7c-0061f8d93420,05846018-a68b-4415-a429-3afafdb2b6b8,c525bc73-3c4c-411e-9949-803416e7d270,2026-04-30,2026-04-30,jour,2,1,0,2026-05-03 18:25:41.445906+00
ad161697-4a18-4ce7-88fa-de77135a6acb,129090e2-d446-4424-934a-2f39d73a5954,0bd18562-61aa-43cc-8484-3310a0822b5e,2026-04-30,2026-04-30,jour,1,0,0,2026-05-03 18:25:41.445906+00
7f6027cb-7c72-4e2f-8c42-124b41e8f427,129090e2-d446-4424-934a-2f39d73a5954,15467316-9ed2-493e-b06b-2e11094fa96b,2026-04-30,2026-04-30,jour,5,1,1,2026-05-03 18:25:41.445906+00
0b249ab9-081a-470b-a931-3902c7c72492,129090e2-d446-4424-934a-2f39d73a5954,1b181444-e6ff-4e16-a738-8dfe9b2d9e45,2026-04-30,2026-04-30,jour,1,0,0,2026-05-03 18:25:41.445906+00
e73aadcb-bcbb-4689-b535-b3f492738774,129090e2-d446-4424-934a-2f39d73a5954,743fb064-83e3-46cd-8429-f51a2f31642b,2026-04-30,2026-04-30,jour,4,2,0,2026-05-03 18:25:41.445906+00
00d74ed4-46bf-47cc-a703-540a80e0e5cf,129090e2-d446-4424-934a-2f39d73a5954,b8b8bfd7-3826-4066-8698-0c86fd8d5807,2026-04-30,2026-04-30,jour,2,0,0,2026-05-03 18:25:41.445906+00
e953563f-b70c-4946-b164-18f295c841f9,129090e2-d446-4424-934a-2f39d73a5954,c525bc73-3c4c-411e-9949-803416e7d270,2026-04-30,2026-04-30,jour,2,0,0,2026-05-03 18:25:41.445906+00
ae9e1bcc-1e95-4571-a7b0-fd4b97a104d7,1b7086c6-922a-42b2-95e8-f10cac431ba6,0d087b99-4dd1-4cb0-aea9-568efd0e7374,2026-04-30,2026-04-30,jour,3,0,0,2026-05-03 18:25:41.445906+00
c8c3439b-e0a0-4c32-8c63-779953c2a384,1b7086c6-922a-42b2-95e8-f10cac431ba6,15467316-9ed2-493e-b06b-2e11094fa96b,2026-04-30,2026-04-30,jour,3,1,0,2026-05-03 18:25:41.445906+00
eb75ac98-7a14-4d66-acf3-ffdb7a3d5851,1b7086c6-922a-42b2-95e8-f10cac431ba6,3d2412d8-7795-4738-8754-59af09a8f512,2026-04-30,2026-04-30,jour,1,0,0,2026-05-03 18:25:41.445906+00
b778f866-c7ac-465b-9937-0095bdff9c92,1b7086c6-922a-42b2-95e8-f10cac431ba6,743fb064-83e3-46cd-8429-f51a2f31642b,2026-04-30,2026-04-30,jour,2,1,0,2026-05-03 18:25:41.445906+00
f041bb28-d701-4e05-83d7-d724d4ba3b27,1b7086c6-922a-42b2-95e8-f10cac431ba6,ab85b38e-5fb2-44f0-ade9-d2e0019be123,2026-04-30,2026-04-30,jour,2,1,0,2026-05-03 18:25:41.445906+00
b02db233-5f58-4374-acfc-a4ee6e70b21f,1b7086c6-922a-42b2-95e8-f10cac431ba6,b8b8bfd7-3826-4066-8698-0c86fd8d5807,2026-04-30,2026-04-30,jour,1,0,0,2026-05-03 18:25:41.445906+00
43bb674d-e289-4787-9122-b003cda6b461,6adfe150-0752-4f5e-90ea-28d25d769b49,15467316-9ed2-493e-b06b-2e11094fa96b,2026-04-30,2026-04-30,jour,3,2,0,2026-05-03 18:25:41.445906+00
519b8e9f-f83b-4c42-b511-5d96c1125702,6adfe150-0752-4f5e-90ea-28d25d769b49,1b181444-e6ff-4e16-a738-8dfe9b2d9e45,2026-04-30,2026-04-30,jour,1,0,0,2026-05-03 18:25:41.445906+00
b0034fa6-d7cd-4c15-83f5-71652171b8bb,6adfe150-0752-4f5e-90ea-28d25d769b49,8388621a-ed33-4c67-83dc-dbcea84b0f5e,2026-04-30,2026-04-30,jour,1,0,0,2026-05-03 18:25:41.445906+00
ccf89234-3fbe-4d62-bd02-7fac5a8b276e,6adfe150-0752-4f5e-90ea-28d25d769b49,b8b8bfd7-3826-4066-8698-0c86fd8d5807,2026-04-30,2026-04-30,jour,3,0,0,2026-05-03 18:25:41.445906+00
8f9929df-996a-4a05-bf66-4ca58e643023,cfb8af80-d40b-46dc-9519-78ba7567cda8,15467316-9ed2-493e-b06b-2e11094fa96b,2026-04-30,2026-04-30,jour,1,0,0,2026-05-03 18:25:41.445906+00
f4ea0ad3-3c5e-400c-9798-d6ace135e454,cfb8af80-d40b-46dc-9519-78ba7567cda8,b8b8bfd7-3826-4066-8698-0c86fd8d5807,2026-04-30,2026-04-30,jour,1,0,0,2026-05-03 18:25:41.445906+00
6f9df56e-e551-4569-abff-ef0ab3dc512c,cfb8af80-d40b-46dc-9519-78ba7567cda8,c525bc73-3c4c-411e-9949-803416e7d270,2026-04-30,2026-04-30,jour,1,0,0,2026-05-03 18:25:41.445906+00
a272cc56-be7a-4dcc-8aab-ef3e48e8b908,dc5100ac-b5ad-4705-b3e6-45fb04d1ff64,15467316-9ed2-493e-b06b-2e11094fa96b,2026-04-30,2026-04-30,jour,1,0,0,2026-05-03 18:25:41.445906+00
60236199-eb24-42f0-9f28-adbce3f36c2c,dc5100ac-b5ad-4705-b3e6-45fb04d1ff64,1b181444-e6ff-4e16-a738-8dfe9b2d9e45,2026-04-30,2026-04-30,jour,1,0,0,2026-05-03 18:25:41.445906+00
6dcdaa3b-7e70-4e22-95ca-c9735573264b,dc5100ac-b5ad-4705-b3e6-45fb04d1ff64,8388621a-ed33-4c67-83dc-dbcea84b0f5e,2026-04-30,2026-04-30,jour,1,0,0,2026-05-03 18:25:41.445906+00
89440983-eaa6-4e1a-9998-c630c3a5d8ee,dc5100ac-b5ad-4705-b3e6-45fb04d1ff64,b8b8bfd7-3826-4066-8698-0c86fd8d5807,2026-04-30,2026-04-30,jour,2,0,0,2026-05-03 18:25:41.445906+00
c0b23478-eb07-4744-9175-f3616887b687,dc5100ac-b5ad-4705-b3e6-45fb04d1ff64,c525bc73-3c4c-411e-9949-803416e7d270,2026-04-30,2026-04-30,jour,2,0,1,2026-05-03 18:25:41.445906+00
11758e98-a519-4055-9f0a-7e21a0cb217d,dc5100ac-b5ad-4705-b3e6-45fb04d1ff64,e3f97cb9-fc81-410f-a1a4-0d486638326e,2026-04-30,2026-04-30,jour,2,0,0,2026-05-03 18:25:41.445906+00